mstardisk,mstarspheroid,sfrdisk,sfrspheroid,mzgasdisk,mzhothalo,mcolddisk,halomass,mbh,mhot
0,538064000000,0,0,191088000,313199000000,21091600000,2.155e+15,793463000,255554000000000
0,294243000000,0,29691500000,54228200,157100000000,4005210000,2.0391e+15,960502000,188988000000000
0,773450000000,0,0,342918000,301521000000,32260400000,1.7231e+15,1327090000,209582000000000
0,91244400000,0,0,30283600,58517000000,1737870000,1.597e+15,161485000,94296200000000
0,322167000000,0,0,62569100,227109000000,12801000000,1.4713e+15,1132890000,172762000000000
0,198115000000,0,0,160440000,148080000000,9575160000,1.468e+15,525389000,153607000000000
67182400000,186595000000,0,0,106064000,6186800000,6136430000,1.4212e+15,599979000,74779300000000
0,322762000000,0,0,203687000,189264000000,18413500000,1.3803e+15,633398000,166450000000000
206980000000,310617000000,0,0,354209000,206582000000,20777900000,1.3576e+15,812377000,177182000000000
0,60970200000,0,0,45625300,84538500000,10295100000,1.3524e+15,188505000,110471000000000
201375000000,199229000000,0,0,157794000,242277000000,22178500000,1.3497e+15,505736000,170295000000000
0,170558000000,0,0,37627200,141039000000,11233800000,1.3351e+15,385613000,138466000000000
0,505118000000,0,0,19877100,165354000000,3208270000,1.3305e+15,1152600000,157730000000000
0,320229000000,0,0,81956600,164505000000,7792760000,1.314e+15,715860000,156078000000000
0,80375300000,0,0,495399000,126900000000,79922500000,1.3075e+15,501054000,165925000000000
0,203908000000,0,0,31728600,143325000000,2523210000,1.2975e+15,480685000,141093000000000
26154300000,179091000000,0,0,76330100,156059000000,7893050000,1.2873e+15,681947000,140425000000000
144186000000,179304000000,0,0,80231200,74618200000,2499200000,1.2768e+15,370864000,85514400000000
0,286661000000,0,21838000000,49370100,166997000000,2797840000,1.2763e+15,571250000,132654000000000
0,181725000000,0,0,78228300,131451000000,15745500000,1.2605e+15,507531000,138652000000000
0,80722300000,0,0,98280200,57275300000,8841910000,1.2418e+15,278440000,84404600000000
0,442989000000,0,8753160000,126438000,199712000000,12177900000,1.2379e+15,901481000,158222000000000
330817000000,161919000000,0,0,245226000,142576000000,28899600000,1.236e+15,419898000,135951000000000
0,364666000000,0,0,107843000,132272000000,8268200000,1.2324e+15,592906000,133729000000000
0,516267000000,0,2218290000,297556000,89987100000,22292200000,1.2274e+15,1748660000,120829000000000
0,235473000000,0,0,93027600,91742700000,16585600000,1.2152e+15,1036810000,121407000000000
0,130431000000,0,0,33652400,117068000000,2991450000,1.2075e+15,364111000,126902000000000
599498000000,125126000000,0,0,521109000,105932000000,35680400000,1.1929e+15,336468000,110336000000000
69007700000,156908000000,0,0,118089000,152549000000,20293000000,1.1809e+15,546244000,140092000000000
0,253411000000,0,0,171856000,94952200000,29620600000,1.1766e+15,687000000,138957000000000
0,277692000000,0,0,29745600,135844000000,7894560000,1.1701e+15,1075760000,140934000000000
0,102679000000,0,0,113909000,47331900000,18367700000,1.1647e+15,187546000,91919600000000
0,220350000000,0,0,58081900,53970100000,1968860000,1.1503e+15,324528000,99056400000000
0,401792000000,0,0,85831000,127341000000,4540660000,1.1479e+15,745519000,131877000000000
0,475806000000,0,0,143070000,147676000000,12966000000,1.143e+15,790531000,133355000000000
0,359434000000,0,0,71488900,102375000000,19974000000,1.1383e+15,702756000,129331000000000
0,262479000000,0,0,78060600,144668000000,16330200000,1.1371e+15,398859000,131188000000000
172868000000,280537000000,0,0,220104000,135912000000,7883530000,1.1237e+15,554104000,119272000000000
0,317443000000,0,0,96844500,12945700000,10144400000,1.1006e+15,2527260000,19374700000000
0,558146000000,0,0,212238000,148727000000,72964200000,1.0855e+15,2708970000,136582000000000
0,115564000000,0,0,87164500,156737000000,19582600000,1.0809e+15,387390000,129184000000000
167296000000,160522000000,0,0,183572000,142551000000,17745600000,1.0781e+15,410054000,106506000000000
0,288165000000,0,0,14113800,144338000000,4449840000,1.0735e+15,735726000,133210000000000
0,367556000000,0,0,312951000,141115000000,19490000000,1.0706e+15,676160000,139738000000000
0,242533000000,0,0,18703100,123517000000,12161200000,1.0671e+15,674445000,136555000000000
0,306688000000,0,0,46694900,176140000000,7437190000,1.0576e+15,904411000,137672000000000
209339000000,211799000000,0,0,739811000,140074000000,47518700000,1.0526e+15,502893000,132061000000000
0,519834000000,0,0,220946000,183260000000,18500600000,1.0433e+15,1561130000,128615000000000
0,431831000000,0,0,242394000,137739000000,26805100000,1.024e+15,976097000,130177000000000
0,199437000000,0,0,17932800,90323500000,5366690000,1.014e+15,425359000,98838500000000
0,199315000000,0,0,162360000,153441000000,13753300000,1.0054e+15,459142000,119571000000000
0,469154000000,0,0,70341100,85843500000,7318500000,1.002e+15,1015160000,111862000000000
0,187991000000,0,8269650000,133922000,134307000000,5458550000,996040000000000,509782000,119753000000000
0,386131000000,0,0,57193000,139516000000,5608110000,988620000000000,527135000,100170000000000
0,421959000000,0,0,99813700,173297000000,3433960000,984850000000000,1013230000,126873000000000
0,573224000000,0,0,133034000,53730500000,7641300000,981960000000000,1094850000,54066300000000
92239400,370088000000,0,3575770000,166494000,163556000000,17215600000,981310000000000,475941000,115896000000000
0,129260000000,0,579965000,100259000,82708600000,8737610000,979080000000000,327071000,102332000000000
268271000000,416573000000,0,0,375838000,84944700000,23193600000,978580000000000,913816000,98240000000000
0,102207000000,0,0,9028150,25847500000,3179860000,968730000000000,234853000,54015600000000
0,465245000000,0,0,121652000,180579000000,9576260000,962570000000000,740715000,128933000000000
181479000000,286154000000,0,0,725313000,111925000000,23823400000,960530000000000,1188670000,118821000000000
0,424242000000,0,0,229217000,151110000000,23866900000,959710000000000,538358000,116914000000000
172221000000,163965000000,0,0,244234000,63178800000,5229170000,958510000000000,403864000,110417000000000
22486200000,172848000000,0,3114510000,151007000,75897600000,12081700000,958350000000000,481882000,92867600000000
0,272879000000,0,0,128815000,130935000000,13663600000,958200000000000,481022000,115493000000000
318348000000,345284000000,0,0,218273000,88399000000,13227300000,954450000000000,682502000,110764000000000
0,414103000000,0,0,17774800,106061000000,2095400000,951280000000000,878699000,100185000000000
0,243350000000,0,0,155347000,121433000000,11815700000,944970000000000,422651000,103208000000000
178187000000,267273000000,0,0,228815000,167795000000,27832600000,933770000000000,516689000,128152000000000
186505000000,381381000000,0,0,157925000,136351000000,16837400000,931330000000000,597459000,117026000000000
0,261239000000,0,0,99003500,76138400000,11283200000,927260000000000,379279000,109669000000000
90813300000,134656000000,0,2162700000,134717000,74874000000,19526300000,917850000000000,435164000,99075400000000
0,350334000000,0,0,109599000,96057000000,7736340000,916220000000000,507344000,89320300000000
0,308360000000,0,5936330000,55741600,143386000000,2246420000,914360000000000,824304000,108467000000000
0,360416000000,0,934618000,43637700,109335000000,10059900000,912180000000000,1162180000,105266000000000
108556000000,110470000000,0,0,164750000,142247000000,33536500000,911870000000000,299634000,118895000000000
65229900000,74851400000,0,0,215607000,124808000000,19158800000,910520000000000,326806000,101347000000000
49061800000,71721700000,0,0,281967000,146442000000,24722700000,909570000000000,434696000,107554000000000
0,387470000000,0,1103370000,65191800,140159000000,3000250000,896310000000000,936609000,102824000000000
0,345068000000,0,0,115124000,118850000000,4461250000,894690000000000,737962000,107259000000000
0,109233000000,0,0,15987300,27622200000,4362270000,888320000000000,217538000,71021600000000
0,213061000000,0,0,102203000,105099000000,12410700000,886610000000000,501082000,97554900000000
0,301295000000,0,0,187661000,161966000000,37200800000,883310000000000,810367000,126519000000000
33854000000,358487000000,0,0,420079000,106235000000,21564000000,882590000000000,890807000,100936000000000
0,305266000000,0,0,41646500,141315000000,4230940000,878130000000000,732784000,112435000000000
306851000000,43837400000,0,0,518149000,80024800000,38825400000,877110000000000,147127000,86155900000000
106498000000,142577000000,0,0,85645800,45100400000,5187980000,868430000000000,366083000,87645200000000
0,275156000000,0,15102800000,169818000,129592000000,6641890000,866800000000000,733797000,118568000000000
0,127709000000,0,0,32360800,73451100000,10726300000,864800000000000,231694000,80169500000000
120136000000,285832000000,0,762016000,177968000,149925000000,11189600000,863760000000000,733096000,110999000000000
329188000000,167039000000,49980100000,0,2723860000,98650900000,211489000000,858560000000000,864055000,104282000000000
162446000000,237138000000,0,15511700000,111686000,103021000000,3374770000,857940000000000,522317000,101025000000000
0,195406000000,0,0,18942400,106574000000,4450150000,855510000000000,445081000,93918900000000
0,85311700000,0,0,91490500,74740500000,11528800000,854330000000000,309106000,87414300000000
6670880000,43027200000,38731900000,0,489105000,80885700000,245915000000,852950000000000,140032000,96105300000000
0,103096000000,0,0,68878100,80754300000,18721400000,842840000000000,227225000,88445500000000
0,159020000000,0,1263230000,103175000,120242000000,17212100000,838850000000000,865587000,100065000000000
0,268402000000,0,0,29623900,42353000000,3322090000,838700000000000,913184000,76054600000000
0,78429800000,0,0,54922700,80862600000,8109680000,833030000000000,205875000,90304700000000
0,133446000000,0,3011250000,15472600,33192700000,480156000,832880000000000,327621000,70201700000000
174833000000,138275000000,0,0,179909000,80334800000,16481500000,831990000000000,450194000,65516300000000
0,218340000000,0,0,39244000,65931300000,16843700000,831450000000000,300286000,99599000000000
209119000000,160604000000,0,0,41702100,31348300000,2055980000,826770000000000,213281000,24171700000000
0,332413000000,0,0,132111000,61914300000,14961600000,820560000000000,736982000,98323900000000
146565000000,238370000000,0,0,232540000,137091000000,25685400000,820200000000000,762584000,106808000000000
0,167044000000,0,0,71242100,107557000000,6179990000,818230000000000,464341000,92021600000000
0,447137000000,0,0,86137200,125445000000,3582690000,817779000000000,624868000,77463000000000
0,99290000000,0,0,35520100,58153800000,6596700000,817490000000000,315894000,83291400000000
0,258672000000,0,0,25527200,54535900000,2365750000,817220000000000,363591000,74933400000000
0,504163000000,0,0,594976000,138728000000,36406500000,815360000000000,723234000,104638000000000
0,126260000000,0,0,33070000,77317600000,2826460000,815310000000000,349529000,104498000000000
543913000000,178953000000,0,33410900000,736089000,77430000000,27291000000,815100000000000,531880000,77483100000000
0,253298000000,0,0,26182700,34693800000,5111250000,812500000000000,432585000,74182100000000
764572000000,201024000000,0,0,607045000,192692000000,34023800000,811800000000000,582322000,101231000000000
0,250961000000,0,0,54193400,77347200000,5244270000,811510000000000,650489000,75524900000000
0,139799000000,0,0,125656000,148336000000,26433500000,811120000000000,423720000,103169000000000
0,301548000000,0,26372800000,32951600,114669000000,4377140000,810460000000000,757708000,102337000000000
0,268464000000,0,0,6198510,101152000000,4197090000,810300000000000,448343000,97524400000000
149393000000,119646000000,0,0,1971370000,104484000000,199044000000,808500000000000,582098000,96377500000000
0,265966000000,0,2157020000,21198800,85553200000,750201000,806520000000000,768693000,96712300000000
161797000000,45520500000,0,0,165348000,41574200000,18011600000,806180000000000,107091000,85842700000000
0,104049000000,0,0,7352280,58103500000,1114080000,804010000000000,259993000,77591700000000
216662000000,139559000000,0,0,768315000,81199300000,48159800000,802410000000000,656785000,98186500000000
0,132809000000,0,0,66050600,100894000000,2826540000,799680000000000,420431000,101128000000000
268601000000,183778000000,0,0,293911000,29632900000,13828400000,798970000000000,420145000,63220700000000
0,159693000000,0,2224320000,138306000,49310800000,6713620000,798250000000000,529060000,81191900000000
0,228721000000,0,0,163226000,91520000000,17421000000,795760000000000,488480000,88207600000000
194128000000,84838900000,0,0,460443000,90330500000,34651900000,792200000000000,335012000,97184600000000
0,256528000000,0,0,30483400,40936600000,2033870000,792020000000000,644947000,70123100000000
0,441192000000,0,0,184698000,119658000000,17724600000,791830000000000,767531000,99900000000000
0,268682000000,0,0,114168000,98297200000,19144200000,789570000000000,433722000,94180600000000
0,202259000000,0,0,41701400,74345600000,3140940000,787770000000000,334265000,79127600000000
146702000000,105458000000,0,0,116539000,57461700000,12651900000,785860000000000,263994000,80808200000000
0,171581000000,0,0,8438640,93011400000,4716160000,782700000000000,504652000,88941700000000
0,403671000000,0,0,90231400,40649500000,5245030000,781580000000000,524440000,70692300000000
0,145568000000,0,0,118330000,100919000000,25515700000,781070000000000,292570000,99187600000000
0,57714500000,0,0,8327010,50625000000,5841750000,776060000000000,120230000,61093900000000
319991000000,120785000000,0,0,376284000,86566700000,27656500000,771030000000000,374692000,86551200000000
0,721986000000,0,0,56637400,70754800000,8113630000,770520000000000,1258560000,85015100000000
0,192868000000,0,0,51665800,90974200000,24687100000,768250000000000,547124000,97954300000000
0,816299000000,0,0,133349000,69719800000,11711000000,767060000000000,1365000000,83264000000000
0,655226000000,0,0,104191000,105087000000,15057800000,765200000000000,650385000,83152100000000
141478000000,177245000000,0,0,201613000,110765000000,14531200000,760710000000000,453116000,95040200000000
208019000000,322680000000,0,8703100000,114833000,83882100000,4192070000,759800000000000,875112000,80756600000000
103795000000,323094000000,0,2160800000,121996000,114255000000,7477420000,757920000000000,723414000,90248200000000
0,495500000000,0,1268140000,132786000,133741000000,12947000000,756390000000000,1157510000,96280500000000
0,138733000000,0,3697930000,76145700,125871000000,6051310000,756300000000000,427008000,91347400000000
130067000000,87780200000,0,0,167265000,26330200000,4877200000,753500000000000,214213000,54384100000000
5761430000,54023800000,0,0,1020560000,95989100000,265372000000,752110000000000,402062000,81962500000000
0,737737000000,0,1487150000,63183300,91666400000,12654500000,750540000000000,1003060000,78125900000000
65944300000,95969800000,0,0,83126400,59186500000,2341140000,750250000000000,257423000,76056600000000
0,420201000000,0,0,37361700,107363000000,7981590000,749230000000000,1072000000,93694600000000
0,315625000000,0,0,145439000,125780000000,18501100000,744710000000000,743030000,88907900000000
0,166315000000,0,0,91911100,92130500000,14376200000,743120000000000,998282000,85324000000000
0,228000000000,0,0,110708000,79761400000,9297600000,742260000000000,534489000,81966700000000
0,464580000000,0,4345590000,50618500,109235000000,4100220000,731030000000000,824602000,91234800000000
669841000000,355366000000,0,0,395155000,154097000000,26849200000,730470000000000,758273000,94760600000000
105299000000,103361000000,0,0,169409000,34520100000,3882230000,729760000000000,330710000,59576200000000
0,312836000000,0,0,55705500,75724300000,3208040000,728530000000000,1248290000,87281900000000
0,216849000000,0,0,93954800,91059000000,16380100000,727620000000000,372454000,78393700000000
0,255572000000,0,0,100397000,91989300000,4115680000,726490000000000,527302000,88868200000000
0,91037100000,0,0,6750920,67352000000,7263860000,725610000000000,201128000,64857300000000
0,365777000000,0,0,62552700,81288700000,17030900000,724200000000000,536533000,90412900000000
71038400000,113655000000,0,0,260521000,66422400000,13481400000,719280000000000,416404000,74469100000000
0,307999000000,0,0,26992400,72463100000,9188410000,719030000000000,601998000,90849100000000
0,185564000000,0,26174700000,37111900,49613700000,3374670000,716440000000000,558655000,60000800000000
0,191381000000,0,10563300000,137561000,117169000000,8620650000,716120000000000,600280000,85951900000000
0,238825000000,0,6293090000,87835000,90384500000,5271100000,715190000000000,802370000,87725800000000
97773900000,171687000000,0,3152820000,139101000,59004300000,6867140000,713820000000000,414825000,69778100000000
191658000000,296021000000,0,1159340000,231065000,143738000000,9941470000,713560000000000,817022000,94159900000000
0,277899000000,0,245361000,48432100,64669400000,10204500000,711850000000000,550037000,85895100000000
72464400000,268211000000,0,0,200722000,71691900000,14032500000,709920000000000,887480000,79591000000000
0,165565000000,0,0,42760700,72066400000,13532100000,708660000000000,539407000,85798500000000
0,177201000000,0,0,53478600,69781900000,11506200000,708390000000000,363908000,81574600000000
0,362733000000,0,0,77048500,90257900000,1838420000,706690000000000,571272000,74656600000000
0,211029000000,0,1501450000,22893900,98625100000,2991140000,701960000000000,307351000,75036300000000
197915000000,348222000000,0,0,131895000,133619000000,6618670000,699210000000000,694918000,88123500000000
0,89269000000,0,2187270000,37548200,107560000000,6571330000,697780000000000,265478000,83762900000000
0,397513000000,0,906791000,38950700,84187600000,2125820000,697000000000000,643151000,78794800000000
0,183765000000,0,9280220000,104752000,61783300000,3945330000,695110000000000,361546000,68423900000000
206750000000,205614000000,0,0,194402000,114807000000,12756700000,694530000000000,428558000,81161500000000
201927000000,154153000000,0,0,282426000,125679000000,30159000000,693400000000000,491351000,92374000000000
0,196152000000,0,0,51336000,53532100000,7423400000,693020000000000,333010000,76303900000000
0,356404000000,0,0,168960000,119397000000,27094300000,692410000000000,594981000,89301800000000
0,185559000000,0,0,99766700,55505400000,7285220000,691450000000000,358347000,67927200000000
0,171342000000,0,0,107947000,70256600000,17511500000,689170000000000,511558000,92709200000000
0,228300000000,0,0,20009500,25545500000,1916180000,683300000000000,375731000,50614900000000
86767500000,211666000000,0,0,90302800,51451700000,5737910000,683070000000000,581375000,63043500000000
0,175467000000,0,0,49576200,56928000000,6975290000,681240000000000,356873000,68333500000000
121122000000,168277000000,0,0,102916000,74217900000,6416940000,681070000000000,243200000,69827900000000
126994000000,215479000000,0,1945100000,109517000,73029800000,6411270000,680610000000000,482260000,62793900000000
0,412235000000,0,302763000,16276800,104516000000,2541070000,680410000000000,699936000,75616000000000
12610700000,125351000000,0,0,183600000,113877000000,12548600000,678940000000000,428962000,91509300000000
0,108820000000,0,0,13213100,6285180000,549072000,678170000000000,218659000,40223600000000
57332500000,151999000000,0,0,149588000,123737000000,8353600000,676670000000000,460373000,88716000000000
0,334925000000,0,0,34363700,101933000000,6612030000,673970000000000,552518000,79157000000000
0,108300000000,0,0,23947300,55976000000,4458450000,673740000000000,511058000,65193800000000
0,118191000000,0,11304400000,119337000,96806400000,4374980000,672980000000000,358159000,84905900000000
0,413062000000,0,0,117565000,45172400000,5686070000,672740000000000,1408350000,66828400000000
0,388073000000,0,0,114786000,122061000000,4898000000,669990000000000,970144000,85309000000000
0,281240000000,0,4626690000,52543000,109675000000,4490160000,669510000000000,646804000,85517600000000
424940000000,164261000000,34000400000,0,2832250000,83112600000,169564000000,669060000000000,1065360000,81463300000000
154262000000,244155000000,0,0,80184200,61496700000,3345050000,667720000000000,690865000,58558600000000
84643600000,272065000000,0,0,55983000,64651800000,3746860000,665780000000000,479819000,61967800000000
0,252379000000,0,0,35396200,104420000000,10567300000,665010000000000,698779000,83755300000000
0,270810000000,0,0,84350700,105010000000,19239300000,664290000000000,607366000,87311300000000
0,453185000000,0,0,159390000,115801000000,15404000000,663160000000000,827525000,77335400000000
0,175058000000,0,0,62909000,50577600000,8468550000,662600000000000,326436000,70713800000000
0,131130000000,0,0,131328000,88621000000,7235750000,662250000000000,288795000,75826400000000
0,268976000000,0,0,2705600,19711800000,301412000,661790000000000,586755000,50117800000000
0,257266000000,0,0,125837000,74043700000,10888700000,661710000000000,503052000,71889400000000
0,250758000000,0,0,20005700,86763300000,1598240000,660860000000000,524787000,84574800000000
0,625851000000,0,0,456553000,102689000000,21171000000,660770000000000,1171940000,78284600000000
410564000000,219474000000,0,0,472432000,96459400000,15608800000,660430000000000,688162000,72200300000000
0,388969000000,0,331547000,25323900,103760000000,3475350000,659150000000000,1035590000,83368600000000
0,349819000000,0,0,105720000,98597800000,11858300000,658920000000000,546657000,76919600000000
0,78369800000,0,0,2751130,47786100000,1001260000,658910000000000,272710000,48929200000000
0,383378000000,0,0,80357400,75154600000,7322470000,658440000000000,878628000,71548700000000
260133000000,120846000000,0,0,226147000,96410000000,25766400000,657170000000000,315076000,79795500000000
0,472521000000,0,0,14750400,70399800000,2099150000,655230000000000,802934000,75819400000000
0,273725000000,0,0,107803000,103529000000,10835700000,652950000000000,1386190000,78883200000000
82433600000,142467000000,0,0,166849000,93653100000,13028300000,652450000000000,518010000,78649700000000
25355100000,14778400000,0,0,82046400,13855700000,7657260000,651630000000000,64809800,44517200000000
0,314227000000,0,0,39571000,78807500000,4255300000,650170000000000,571449000,77006800000000
16552000000,21282400000,0,0,65848500,55553700000,7884160000,649910000000000,82872800,63297900000000
0,63722700000,0,0,69234700,110509000000,15014400000,647760000000000,213300000,76101400000000
135837000000,146024000000,0,0,202207000,87247300000,5759750000,647480000000000,359785000,76711900000000
0,278214000000,0,0,52870300,104072000000,5112780000,645680000000000,494763000,83476900000000
0,375541000000,0,0,43505400,63022100000,5657400000,644480000000000,298900000,58967800000000
0,109576000000,0,0,31070700,91418900000,9032850000,644340000000000,177529000,73858000000000
0,359997000000,0,2897710000,1831310,96795000000,373598000,643280000000000,683767000,77243500000000
0,349555000000,0,9340390000,10202900,50758800000,1204240000,642180000000000,593997000,66495200000000
0,468049000000,0,0,60180200,109962000000,9260400000,641330000000000,1007280000,82415100000000
0,167159000000,0,983457000,132634000,94733100000,16469200000,639340000000000,458267000,77328200000000
0,332887000000,0,0,87578100,98373100000,13279100000,639040000000000,828693000,81096300000000
0,136014000000,0,1972340000,101785000,102236000000,6931050000,638900000000000,384990000,78688100000000
0,173633000000,0,0,84079600,59785100000,7843310000,636930000000000,455219000,67407200000000
0,431634000000,0,1401430000,59922100,59234200000,6118720000,635630000000000,608847000,63348600000000
0,371697000000,0,0,34003500,56051800000,5142590000,633860000000000,810834000,65888300000000
0,343568000000,0,19340500000,338728000,57045700000,12691600000,633180000000000,953005000,65765800000000
0,317912000000,0,0,21979500,71158800000,1516780000,631820000000000,395103000,67112800000000
0,330810000000,0,0,27574800,76544500000,5912160000,631800000000000,754634000,71751400000000
0,401314000000,0,0,101384000,107666000000,12135600000,629920000000000,1449010000,87567400000000
0,123039000000,0,3867980000,1941590,49280000000,498694000,629310000000000,311966000,49157000000000
0,328898000000,0,0,22377300,71641700000,1967880000,629150000000000,554271000,64380400000000
0,326696000000,0,494352000,243556000,123486000000,13940600000,629010000000000,1869650000,82473300000000
139371000000,49314400000,0,0,595960000,91573000000,42221900000,628960000000000,231479000,76986200000000
0,138047000000,0,0,65336700,79183500000,8635250000,627660000000000,306249000,62784400000000
93291900000,145235000000,0,0,86409800,81846000000,12744300000,627420000000000,284859000,68285200000000
0,363071000000,0,0,2054400,60125100000,405933000,624070000000000,565788000,51026400000000
0,375863000000,0,0,76402300,92813900000,13804800000,622360000000000,795111000,78413600000000
419538000000,179837000000,0,0,567726000,106817000000,32692200000,621730000000000,429423000,74605900000000
0,462145000000,0,74063800,24231500,99513000000,2560090000,620930000000000,979147000,83372300000000
37855800000,12012600000,0,0,113697000,8747050000,9534100000,619550000000000,44420500,21584600000000
0,94730600000,0,0,47499600,48380500000,6543020000,617570000000000,184913000,59817300000000
0,251386000000,0,887495000,29488700,52319700000,1917330000,616080000000000,484220000,59961900000000
0,190447000000,0,0,24430500,66737800000,7599620000,614290000000000,428960000,69483700000000
0,152590000000,0,0,23499600,53359600000,7266380000,613860000000000,387707000,64990300000000
333324000000,233615000000,0,0,433562000,112736000000,26811700000,613420000000000,569602000,81217300000000
383518000000,333669000000,0,0,402912000,91029100000,8055340000,613270000000000,638980000,63174500000000
0,302630000000,0,0,113567000,70302400000,7717010000,612700000000000,746004000,75929300000000
0,345487000000,0,929792000,68773600,90352300000,8927690000,612540000000000,783598000,75289900000000
509852000000,91167000000,183990000000,0,2982340000,120178000000,416576000000,610370000000000,287139000,78462100000000
0,316618000000,0,100200000,31642900,82929800000,3114080000,610370000000000,544606000,69823000000000
0,87553800000,0,0,26389300,74888000000,10106600000,609710000000000,281431000,72555600000000
0,208789000000,0,0,49918900,68592100000,9966910000,609380000000000,376979000,66057800000000
0,347358000000,0,0,29280300,87200700000,7748020000,609300000000000,914892000,78014900000000
308971000000,76494300000,0,0,340298000,57088700000,21632500000,609190000000000,205472000,66212800000000
83696400000,111430000000,0,0,92780500,63677600000,9601030000,608020000000000,208247000,62582900000000
0,453349000000,0,0,70966900,102555000000,16341300000,607560000000000,1285630000,81456000000000
52427800000,93974400000,0,0,185568000,50756700000,16514900000,607350000000000,196240000,58460200000000
343009000000,260340000000,0,0,285705000,57278600000,15351400000,606380000000000,520523000,60685800000000
0,190396000000,0,0,147234000,99442400000,9938190000,606080000000000,431548000,74492600000000
0,334251000000,0,0,96184600,87252800000,9464620000,606060000000000,762175000,73646300000000
0,265844000000,0,0,23805100,61248700000,5874170000,604850000000000,414711000,60082900000000
0,157996000000,0,0,40496600,56068900000,6086880000,603980000000000,281909000,63789300000000
0,150112000000,0,0,30883000,60432400000,6880740000,603810000000000,305516000,62606300000000
0,149105000000,0,0,118828000,100437000000,16651300000,603310000000000,331890000,74597300000000
15032900000,103866000000,0,3516560000,311417000,54280800000,16113900000,602920000000000,635094000,62706000000000
92703200000,85915200000,0,0,153494000,70676100000,19043700000,601380000000000,287696000,78390000000000
0,347853000000,0,0,203536000,104485000000,6997770000,600180000000000,724489000,81078500000000
0,216084000000,0,0,23207200,63101200000,4156320000,599470000000000,584840000,61193500000000
212930000000,113829000000,0,11324000000,227379000,57675100000,11943800000,597140000000000,328452000,66404900000000
0,251253000000,0,0,4981610,5274740000,122083000,596630000000000,313559000,39401200000000
107807000000,171242000000,0,0,114660000,61056400000,8494850000,596290000000000,448367000,70907300000000
0,81275100000,0,6763730000,109094000,88489200000,20326400000,594410000000000,298885000,77788000000000
0,193395000000,0,0,59055500,64450600000,18192400000,593770000000000,320333000,76387900000000
0,267466000000,0,0,12283700,66079600000,4011520000,593640000000000,541708000,72366500000000
161798000000,71303600000,0,0,519290000,91654000000,39954200000,593250000000000,187878000,76611800000000
0,111912000000,0,0,30961100,79428200000,4944950000,592920000000000,404853000,69797700000000
0,177071000000,0,0,16850000,130604000000,3194210000,591800000000000,529621000,78376200000000
91997100000,283414000000,0,0,169166000,84999500000,12979200000,591720000000000,482873000,73721500000000
84506100000,123129000000,0,0,88616200,46413400000,16334700000,591590000000000,284350000,67041600000000
0,258266000000,0,0,29520400,93555700000,9125770000,590950000000000,698378000,69253600000000
51244500000,128475000000,0,0,100908000,76341500000,5267010000,590940000000000,397594000,78434800000000
0,466508000000,0,0,30987600,68418300000,5319020000,590920000000000,895795000,67027500000000
117348000000,8955910000,0,0,568598000,14068900000,34474700000,590550000000000,55251100,42290800000000
63627000000,53327100000,0,0,201786000,85055800000,22925300000,588760000000000,287234000,76351300000000
0,98872500000,0,1248890000,46915700,66775700000,6209310000,588580000000000,212970000,65381000000000
0,196905000000,0,0,143453000,63435700000,15640800000,588560000000000,333235000,68301200000000
0,414241000000,0,0,16195400,52806000000,814976000,588180000000000,457543000,62879800000000
0,364708000000,0,725700000,125608000,88177100000,10182200000,587860000000000,1186390000,72924300000000
0,71919200000,0,0,107617000,53464900000,7740960000,587520000000000,231354000,64162600000000
39858800000,42458100000,0,0,111236000,81433800000,11129000000,587160000000000,124396000,67327700000000
0,331020000000,0,0,62558100,85148800000,4022200000,587060000000000,673820000,72776800000000
0,331261000000,0,8180050000,120281000,39467600000,5715290000,586810000000000,614098000,57941600000000
65088200000,135830000000,0,0,90637700,88168300000,9096630000,586150000000000,394995000,79476600000000
0,212413000000,0,0,38353900,51273300000,8243990000,585100000000000,302991000,58404000000000
0,133388000000,0,0,101653000,49608000000,15017400000,584580000000000,339761000,49253200000000
0,196291000000,0,0,39782200,105803000000,14855700000,583960000000000,567926000,78215800000000
0,118542000000,0,0,16098400,50171100000,6784100000,583440000000000,257678000,60275100000000
0,143883000000,0,0,18537000,57269800000,9853970000,583230000000000,259558000,69733800000000
0,113412000000,0,0,61164300,36632300000,7616720000,582940000000000,226939000,48922600000000
0,364720000000,0,0,38859500,86815900000,6927040000,582680000000000,651869000,69811200000000
0,370081000000,0,0,80927200,84778600000,7800390000,582120000000000,865784000,68866700000000
0,301134000000,0,0,110605000,62941900000,9548600000,581220000000000,1020420000,62227300000000
0,174979000000,0,0,13742200,26954300000,4787230000,581010000000000,337141000,52795600000000
0,264533000000,0,0,10702900,80684000000,1844750000,580660000000000,349904000,57600500000000
0,91658200000,0,0,29638200,17555500000,8583780000,580220000000000,370964000,50689700000000
0,195082000000,0,0,30722000,38268900000,2650670000,578710000000000,451650000,48032100000000
0,286327000000,0,0,8816050,62208100000,3607390000,578680000000000,521184000,56232900000000
197481000000,54274100000,0,0,434245000,73450200000,31950900000,578440000000000,225938000,65328700000000
0,252053000000,0,0,23611000,64667200000,3979840000,578400000000000,436700000,61043300000000
0,112312000000,0,0,3118420,50253800000,2314980000,578340000000000,283790000,53846300000000
0,38536600000,0,0,43305000,75017700000,12436600000,576670000000000,207616000,64861800000000
283870000000,221639000000,0,0,119453000,88918600000,6047670000,576510000000000,592096000,69463000000000
0,122377000000,0,0,181932000,85168400000,10042900000,575210000000000,295559000,70413600000000
0,191488000000,0,0,16455000,71063300000,6558810000,575110000000000,446644000,74001400000000
0,854646000000,0,26137300000,72089700,113620000000,3369840000,575030000000000,1649720000,68617400000000
0,111961000000,0,0,76909000,10412000000,9867560000,574530000000000,128365000,11326200000000
0,463273000000,0,0,83840200,94631400000,15050800000,574070000000000,755983000,73083100000000
0,204971000000,0,0,150595000,56899300000,8455220000,574020000000000,322370000,63205700000000
0,214935000000,0,0,22228400,69676100000,4699120000,573880000000000,699911000,69138900000000
125339000000,178201000000,0,0,139251000,65372700000,12872900000,573050000000000,468745000,68853600000000
0,86605600000,0,1500300000,41342900,60775300000,7407070000,572620000000000,197327000,55574100000000
60185100000,135555000000,0,0,210581000,72795800000,14849500000,572420000000000,445840000,66778500000000
74895300000,157654000000,0,5720040000,86772000,70341800000,4629170000,570440000000000,441072000,71659100000000
0,256732000000,0,330408000,27173200,80780900000,2326790000,570190000000000,747586000,73508800000000
0,231763000000,0,0,153057000,100585000000,4067960000,570100000000000,507189000,71411800000000
0,332591000000,0,0,64303000,71834600000,3061930000,568730000000000,692077000,64637000000000
0,289864000000,0,0,73042700,68966300000,4737780000,567870000000000,475109000,59688600000000
65869900000,121681000000,0,0,58781900,55001100000,3112740000,567620000000000,231612000,46201400000000
0,202878000000,0,0,10542100,104535000000,1304710000,567310000000000,556228000,78172800000000
0,366507000000,0,0,80168200,102930000000,3405230000,566910000000000,622897000,70226400000000
0,446076000000,0,432475000,27096300,70725100000,7073840000,566830000000000,1061850000,65850900000000
169716000000,98565200000,0,3334110000,268448000,74267900000,16016700000,564070000000000,245685000,60846600000000
32116500000,96324100000,0,0,201889000,77921000000,15157800000,563240000000000,479837000,71005900000000
0,359540000000,0,0,96037100,72639000000,9823350000,562230000000000,743438000,72433200000000
169869000000,164529000000,0,0,242151000,75635800000,15199300000,561570000000000,408250000,70335700000000
0,391402000000,0,10797300000,23086300,96193300000,1392080000,560510000000000,718967000,73132700000000
327844000000,47671100000,0,0,198212000,66034100000,21762500000,560470000000000,123852000,55174100000000
80007300000,127358000000,0,0,81633600,67672500000,15358900000,559340000000000,183662000,67498500000000
43171800000,35222200000,0,44455400000,862332000,73667400000,93036500000,558980000000000,217975000,73171800000000
0,134409000000,0,0,136255000,74456000000,21067800000,558760000000000,192273000,75149800000000
40820700000,114331000000,0,0,95643800,73777900000,13519400000,557950000000000,346366000,68700300000000
0,369969000000,0,0,208831000,88667200000,16521000000,557830000000000,1541870000,72287500000000
0,292253000000,0,0,6188970,68993400000,1344020000,557480000000000,906453000,57734300000000
147345000000,97281400000,0,0,208741000,100147000000,21150700000,556950000000000,276306000,70306100000000
0,245378000000,0,0,18842900,62846600000,854593000,556800000000000,326352000,54447400000000
0,169508000000,0,2272180000,19489200,15812500000,669228000,556750000000000,512529000,44208400000000
387042000000,158392000000,0,1085250000,1472760000,83071000000,68224100000,555460000000000,668981000,69129200000000
0,148397000000,0,0,104052000,93180000000,7893240000,555080000000000,436091000,66447800000000
62031500000,189423000000,0,0,211315000,115315000000,18605700000,554520000000000,358039000,72547200000000
0,188314000000,0,0,83626000,91175200000,8296820000,553680000000000,424596000,67489400000000
63209200000,90644800000,0,0,98326300,64516300000,11813200000,553400000000000,172512000,57745700000000
0,228844000000,0,0,148617000,78731700000,10974000000,553220000000000,285476000,67959500000000
50265700000,19370400000,0,0,177146000,41165000000,17019700000,553120000000000,93493300,56324700000000
0,358382000000,0,5649150000,14208300,83997300000,820867000,552960000000000,620345000,68850200000000
0,312208000000,0,0,59633300,86019400000,8535500000,552370000000000,992817000,68805700000000
243567000000,76397100000,0,0,146739000,18730300000,10312100000,552360000000000,152891000,46057200000000
164937000000,252884000000,0,2072390000,167274000,27235400000,9988590000,552010000000000,637070000,53291900000000
318878000000,181760000000,0,0,1091530000,91470700000,66722800000,551900000000000,713143000,69147200000000
0,76669200000,0,0,69627100,44445500000,13937600000,551750000000000,171162000,62327000000000
0,177575000000,0,0,7883410,50074600000,4141210000,551680000000000,321690000,58055900000000
0,280255000000,0,0,15920800,62641900000,4391270000,551410000000000,664576000,66987500000000
0,302559000000,0,0,34999900,67707400000,5398070000,550990000000000,728910000,67584700000000
0,191638000000,0,0,70212100,78730200000,7006480000,550960000000000,393164000,71396600000000
77682500000,29254900000,0,0,151802000,10315900000,9827180000,550760000000000,75187900,40823100000000
0,242745000000,0,0,65336000,50164600000,5102290000,550070000000000,419446000,55818800000000
0,125152000000,0,0,35501500,33589700000,4649970000,549990000000000,268860000,54589200000000
0,183765000000,0,0,43424100,99147000000,6797630000,548860000000000,355195000,68469500000000
0,293038000000,0,0,96909600,34649300000,10319400000,548810000000000,630212000,45166800000000
0,130699000000,0,0,127682000,52012800000,7698330000,548470000000000,220587000,60549200000000
139460000000,195053000000,0,0,186138000,96901800000,15903400000,548340000000000,691510000,69498500000000
0,385900000000,0,0,77002700,85131800000,5358710000,548310000000000,577632000,74429100000000
125752000000,124113000000,0,0,221975000,106616000000,15742900000,547440000000000,388118000,73512600000000
0,277645000000,0,0,17881500,84781800000,12551000000,547350000000000,354343000,67510800000000
0,504427000000,0,709711000,36385800,48789700000,3362920000,547190000000000,892897000,52717000000000
0,334546000000,0,0,136022000,83795200000,7581770000,546870000000000,1764080000,67237300000000
0,338772000000,0,0,53225900,93974300000,4987460000,546120000000000,538463000,65642900000000
145707000000,233197000000,0,820614000,161998000,111322000000,12178400000,546020000000000,590447000,71923700000000
0,417174000000,0,0,27996000,68803300000,3969180000,546000000000000,793540000,63603200000000
0,232633000000,0,0,60520100,61755200000,11123500000,545530000000000,247667000,60652100000000
0,64121900000,0,0,73584800,93202500000,11504700000,544580000000000,282555000,66789300000000
0,266112000000,0,0,51787900,85559400000,9590930000,544410000000000,852868000,72045000000000
0,450585000000,0,0,21505600,95292300000,3466950000,544330000000000,623950000,60549000000000
40512000000,58740800000,0,5457560000,94453500,58240800000,7228960000,543480000000000,174938000,59051700000000
375344000000,48761400000,2548670000,15304100000,1115190000,101386000000,64110400000,543070000000000,260002000,72816500000000
0,182998000000,0,0,6476360,34274300000,474695000,542510000000000,311331000,44204300000000
0,141137000000,0,0,53243700,75137300000,12886400000,541610000000000,502598000,65645000000000
75797900000,77085700000,0,0,141286000,72789600000,12520700000,541590000000000,180605000,59997800000000
0,125600000000,0,0,124108000,83463700000,15694800000,540830000000000,279003000,70590000000000
0,207044000000,0,0,56403700,93598500000,9724740000,540160000000000,522113000,67557500000000
0,69876100000,0,0,17627700,27246200000,6054540000,540130000000000,99542000,41037100000000
0,233908000000,0,0,27789100,80301400000,2418340000,540130000000000,483974000,69347600000000
227672000000,157857000000,0,0,178062000,99287500000,19396100000,540050000000000,388459000,68474700000000
256976000000,88698800000,0,0,485999000,74250100000,27583100000,539720000000000,440992000,67413300000000
0,63267700000,0,0,36177900,61438400000,4165380000,539710000000000,209129000,61056600000000
0,133235000000,0,0,76461900,54626200000,12300100000,539190000000000,655052000,56419400000000
6335340000,45432900000,0,0,51913300,46971500000,9633000000,538890000000000,133667000,60263000000000
0,220194000000,0,0,36403600,79479600000,11224400000,537960000000000,407303000,69802600000000
35042400000,97258200000,0,466538000,34466500,50838300000,1045840000,537910000000000,214073000,50389300000000
0,248826000000,0,20342500000,24262700,63582400000,2622730000,537880000000000,613052000,60745300000000
0,221229000000,0,0,4180940,74287400000,2533830000,537370000000000,548662000,60607800000000
0,105484000000,0,0,118651000,82605200000,10242400000,537250000000000,359396000,69536800000000
0,394155000000,0,0,50954700,82446900000,10144700000,537230000000000,1179350000,67600600000000
248324000000,89881300000,0,0,280861000,119070000000,29527200000,536990000000000,210251000,72504000000000
0,154491000000,0,0,93111500,85069100000,19494900000,536520000000000,274239000,71566700000000
59505800000,171710000000,0,0,53135200,56939700000,1482450000,536440000000000,361209000,53865900000000
0,202773000000,0,0,161172000,94604200000,16335500000,535820000000000,619552000,68637700000000
66042300000,211603000000,0,0,110219000,104561000000,9481560000,535520000000000,593273000,73564100000000
0,195624000000,0,0,7136690,65368700000,2796570000,535070000000000,459839000,60935800000000
0,215012000000,0,3239690000,37187400,45096000000,3978800000,533970000000000,413668000,53634200000000
57532600000,47207600000,0,0,101780000,77785700000,20475300000,533700000000000,182894000,67250900000000
19134400000,243590000000,0,0,105183000,108141000000,10134500000,533610000000000,361151000,70208900000000
0,221416000000,0,0,42611000,99036500000,11268800000,533170000000000,492324000,72700000000000
0,190119000000,0,0,8110330,47500700000,2161500000,532500000000000,357306000,56806400000000
0,186231000000,0,0,27790200,52858500000,2483230000,531790000000000,495947000,56466800000000
0,247597000000,0,0,152330000,79158500000,12439300000,531690000000000,372381000,68222600000000
480397000000,300748000000,0,0,472162000,74478500000,19569800000,531410000000000,556060000,59815300000000
0,456466000000,0,27653600000,54083700,75653700000,3563580000,531170000000000,501356000,65163700000000
0,153945000000,0,0,52541600,83708500000,7228050000,531060000000000,422148000,62213400000000
0,198380000000,0,0,3550250,74667200000,2386230000,531050000000000,314814000,71663400000000
484835000000,241150000000,0,0,391610000,97080800000,23664500000,530990000000000,534604000,70465800000000
0,324698000000,0,0,83526900,85064000000,5259250000,530660000000000,689943000,71048300000000
0,499632000000,0,0,112781000,76800700000,4163280000,529200000000000,918874000,64589800000000
0,328544000000,0,0,14748200,79577100000,4365160000,528720000000000,851456000,66706600000000
0,213826000000,0,0,12002500,72497300000,1836770000,528550000000000,561276000,51178500000000
0,221807000000,0,0,15498100,75027200000,3891360000,528350000000000,809629000,62844400000000
198401000000,55240400000,0,0,423093000,77636300000,29918800000,528150000000000,228296000,64601800000000
0,100997000000,0,0,60471300,47866000000,7605930000,527680000000000,749778000,59574300000000
0,149198000000,0,0,24015000,73561000000,5335180000,527370000000000,272285000,63104500000000
64890700000,65092100000,0,0,154037000,65841900000,9774140000,527180000000000,269143000,61162600000000
0,212222000000,0,0,59688900,86685400000,9461490000,527160000000000,405999000,66343700000000
0,155213000000,0,0,87289900,43675200000,8460190000,526870000000000,395467000,52680700000000
0,112577000000,0,0,31116900,64251400000,12207500000,526830000000000,236804000,59614000000000
43459700000,107230000000,0,1203790000,180899000,86615800000,18446800000,526170000000000,338222000,70453300000000
0,209516000000,0,2938790000,5177250,58594700000,382574000,525840000000000,733923000,61918900000000
106430000000,147070000000,0,0,145300000,90756600000,17333600000,525560000000000,428149000,67478200000000
0,339116000000,0,0,142011000,20886000000,8221840000,525180000000000,456140000,39698300000000
0,399017000000,0,0,49770600,71297700000,11023300000,525000000000000,652389000,63069000000000
0,342916000000,0,0,156393000,94782500000,15963400000,524730000000000,674825000,69914800000000
0,276723000000,0,3009310000,56018400,57994600000,5013700000,524270000000000,295959000,49273100000000
0,137073000000,0,0,14231800,38349900000,2107890000,524260000000000,382849000,44560400000000
0,324711000000,0,263761000,111647000,47784800000,6619460000,523290000000000,873076000,60263200000000
330282000000,96827700000,0,0,273733000,86314700000,30006400000,523090000000000,284291000,64954600000000
86688700000,82345200000,0,0,163055000,54451300000,11537800000,523080000000000,306722000,51773800000000
0,292492000000,0,0,15948500,76059000000,4104740000,521880000000000,608125000,67217200000000
28363400000,29863500000,0,0,92555700,88905900000,17991400000,521290000000000,85858200,62707900000000
0,194402000000,0,0,69084600,64344200000,6412600000,521160000000000,359770000,64375100000000
0,219381000000,0,17097700000,19267500,105954000000,2307610000,521150000000000,472588000,70219300000000
0,198329000000,0,0,70610200,48354200000,10971400000,520960000000000,281183000,54347600000000
83021000000,169516000000,0,575156000,113683000,47688500000,5913530000,520850000000000,540013000,57615700000000
0,204297000000,0,0,85828100,57679400000,4887010000,520550000000000,400420000,59519800000000
0,187926000000,0,0,3893410,56884400000,1695050000,520240000000000,591942000,54833400000000
0,94893700000,0,9677250000,115845000,72399300000,15656300000,519850000000000,294957000,67567500000000
0,86935200000,0,0,121307000,82961400000,19058500000,519670000000000,405394000,69731400000000
0,78124900000,0,0,41518000,78034800000,14365700000,518980000000000,438105000,65704400000000
33791500000,106824000000,0,1662650000,84843500,83632300000,5387210000,518170000000000,305614000,67043600000000
258589000000,127735000000,0,0,421702000,64754700000,35939700000,517800000000000,391839000,69878200000000
31963600000,48543500000,0,0,101457000,76397300000,12471400000,516550000000000,206119000,60661400000000
0,67302200000,0,0,81918000,73567900000,14047300000,515870000000000,186392000,63518600000000
49752000000,89034600000,0,0,973449000,67722200000,91661200000,514870000000000,595929000,64237000000000
0,280167000000,0,0,97920100,70125400000,3675960000,513820000000000,478821000,58406700000000
50884400000,86994100000,0,0,76028500,87481200000,18347800000,513060000000000,172325000,63820100000000
0,194597000000,0,2129430000,87915200,60059100000,7171860000,511950000000000,476662000,59686200000000
0,132701000000,0,3684470000,7473900,23312100000,475033000,511720000000000,125702000,35333200000000
0,167100000000,0,736764000,82300600,64119400000,13691200000,511370000000000,463740000,69432500000000
0,129444000000,0,0,85343300,64713400000,13099700000,511220000000000,351089000,58572700000000
0,209658000000,0,0,37876700,56331000000,10173300000,511130000000000,332894000,51421600000000
0,205496000000,0,0,68238600,66359400000,4721230000,510060000000000,572804000,59860700000000
107528000000,150896000000,0,0,173812000,97767000000,15161400000,509700000000000,509896000,66892800000000
0,561171000000,0,0,90374600,103175000000,10043000000,508680000000000,711891000,67127000000000
62426200000,115509000000,0,0,86588400,67495400000,12397500000,508550000000000,395503000,61629200000000
0,151930000000,0,0,99964200,77520700000,11387600000,507740000000000,381224000,62341000000000
60485500000,147750000000,0,0,109275000,98914900000,7671370000,507650000000000,333450000,61662300000000
7330980000,98080000000,0,0,111750000,88872400000,13929000000,507620000000000,323577000,63585900000000
0,84295500000,0,0,113295000,61873000000,9648820000,507440000000000,304459000,55569400000000
0,350081000000,0,0,191631000,95283800000,14240300000,507100000000000,935124000,64279400000000
0,283867000000,0,0,13496300,11435900000,1155620000,506920000000000,697492000,39066100000000
0,131935000000,0,1098410000,74379500,29513100000,3638720000,506860000000000,276842000,50105200000000
0,158472000000,0,0,50611900,70705700000,14434000000,506380000000000,229191000,60096400000000
0,452394000000,0,0,142870000,66788000000,8584550000,506160000000000,920591000,56199700000000
0,288569000000,0,76978100,2272220,16204900000,224254000,505470000000000,637410000,37312200000000
23378900000,88170700000,0,0,69303900,64189700000,4807880000,505010000000000,172076000,54122200000000
185952000000,116399000000,0,0,293646000,78017700000,21871800000,504890000000000,343030000,60397400000000
0,404447000000,0,0,80784100,85462600000,10684500000,504650000000000,868470000,63268500000000
0,292919000000,0,0,213197000,75052100000,9656850000,504600000000000,603784000,63920100000000
0,134321000000,0,5850130000,105339000,51941500000,8381210000,503600000000000,252386000,56022700000000
0,180712000000,0,0,187360000,92951100000,21058000000,502750000000000,572883000,67527400000000
0,314536000000,0,0,48378700,69267300000,12109000000,502460000000000,433987000,64775400000000
0,598302000000,0,0,48536000,66974200000,6915780000,502430000000000,997956000,64420200000000
90846800000,170861000000,0,0,165842000,57791400000,16698200000,502330000000000,700870000,66207000000000
0,242801000000,0,0,0,1581170000,0,502290000000000,560098000,1974760000000
0,248737000000,0,0,161216000,68099500000,24918200000,502000000000000,372268000,65652200000000
0,106809000000,0,5948400000,6661400,35502800000,860620000,501380000000000,245083000,47022600000000
0,529046000000,0,0,1964970,48411600000,357106000,501320000000000,906453000,64136600000000
142123000000,83316600000,0,0,238756000,61215800000,21650900000,501240000000000,323947000,57574000000000
0,144800000000,0,0,78951100,96288200000,14595700000,501170000000000,610533000,62431700000000
0,313522000000,0,5217840000,961014,75613800000,672729000,500440000000000,592078000,63824400000000
0,128824000000,0,0,16141700,45341900000,3737940000,500200000000000,456620000,55560500000000
24344800000,49090000000,0,0,103313000,82738800000,15677200000,500020000000000,219278000,62135100000000
434548000000,133283000000,0,3873120000,321515000,45604100000,15385500000,499750000000000,286843000,48139200000000
0,528062000000,0,0,23214300,51851300000,1564880000,499750000000000,506366000,49361000000000
0,124522000000,0,2741290000,89123500,47952300000,12214000000,499160000000000,511442000,55903200000000
81262300000,83055800000,0,1121810000,162822000,62386200000,6357040000,499050000000000,323824000,43775800000000
0,388171000000,0,3727900000,1426140,62137900000,752517000,498040000000000,660079000,60555300000000
24678300000,114272000000,0,0,44029400,100901000000,6168670000,497680000000000,404515000,63161500000000
0,125265000000,0,698874000,76760600,51389800000,7375200000,497500000000000,189358000,53103800000000
0,324879000000,0,0,33777100,56250800000,4577670000,497020000000000,1141320000,56134400000000
91209800000,159932000000,0,696221000,231595000,53043900000,15778700000,495540000000000,518970000,59307400000000
0,46347200000,0,0,22537800,18262600000,2809610000,495330000000000,169779000,38929300000000
85294300000,140851000000,0,0,112483000,67586300000,5475240000,494970000000000,283770000,56738000000000
0,313302000000,0,0,30528700,61922100000,12562100000,494800000000000,315847000,56862700000000
142147000000,252826000000,0,0,28016300,51606200000,2235980000,494480000000000,333260000,53274000000000
0,90780800000,0,0,39259800,51816300000,2898090000,494240000000000,304901000,52315500000000
0,36521800000,0,0,58390200,54901400000,5145710000,493780000000000,145141000,49665700000000
186007000000,44890900000,0,0,367424000,75574700000,25232900000,493680000000000,160807000,60010200000000
0,474900000000,0,18930200000,27275900,51336900000,2440640000,493280000000000,669876000,52342000000000
0,124881000000,0,0,108958000,93403300000,16508700000,493060000000000,409163000,63463300000000
0,69930300000,0,0,9388450,54196500000,1670180000,492380000000000,207373000,57088100000000
0,198863000000,0,0,27931800,40958200000,4729650000,492200000000000,339630000,44926500000000
0,160953000000,0,0,30290700,45372000000,5180050000,492140000000000,258681000,43449700000000
0,319050000000,0,0,25239100,70257300000,2198460000,491850000000000,511937000,55266300000000
0,275628000000,0,0,107462000,105039000000,10028700000,491850000000000,392528000,60175700000000
0,149813000000,0,3765990000,32341500,89607700000,792329000,491680000000000,473954000,59933900000000
0,240582000000,0,0,29347600,82774700000,3421540000,491250000000000,924963000,62245700000000
0,289601000000,0,0,43221000,75451000000,8641800000,490710000000000,541651000,60716300000000
0,309384000000,0,391158000,36489300,68433000000,6252550000,490320000000000,597930000,53657400000000
287285000,101814000000,0,0,82847000,65541900000,13404300000,490230000000000,236542000,68314000000000
0,351850000000,0,0,54390100,62098600000,4046950000,490100000000000,689806000,53779700000000
0,229415000000,0,0,136224000,55038500000,6039880000,490060000000000,583469000,56301800000000
0,94902000000,0,0,45315300,86938200000,11670100000,489820000000000,187493000,60594300000000
72824400000,93857500000,0,0,104847000,79705800000,13240900000,489720000000000,260376000,60697100000000
0,287738000000,0,0,118022000,74481900000,8777210000,489570000000000,628990000,60729700000000
63958900000,137404000000,0,0,109592000,34445700000,9954240000,489280000000000,413368000,49206000000000
0,283471000000,0,0,95906600,55088300000,2264580000,489250000000000,620077000,49714300000000
156760000000,192320000000,0,5269720000,91409400,81860100000,4403600000,488940000000000,296344000,60445000000000
155816000000,111255000000,0,0,176528000,93427800000,23512600000,488880000000000,243520000,66221000000000
54874400000,210740000000,0,0,97016000,95064500000,4738500000,488840000000000,620204000,64805600000000
14702100000,8276670000,0,0,23825000,40147300000,7626300000,488790000000000,54621200,41982000000000
0,106086000000,0,4823010000,1417230,57283000000,848102000,488590000000000,395321000,56602100000000
103338000000,175955000000,0,0,94562400,88326400000,7185270000,487790000000000,337190000,58227500000000
0,157363000000,0,0,64525600,90699100000,10317400000,487360000000000,445422000,60732700000000
0,135147000000,0,0,27301100,82006400000,9444950000,487070000000000,491081000,59676300000000
0,204049000000,0,0,38631400,87156400000,11381400000,487020000000000,496732000,59098100000000
0,109091000000,0,0,2679170,12188300000,3463310000,486720000000000,222049000,38943700000000
71807600000,169334000000,0,1578360000,121969000,72622700000,11669500000,486040000000000,565303000,63902500000000
0,401721000000,0,0,47995800,93999700000,3947970000,485530000000000,816594000,63113700000000
0,225275000000,0,0,54360100,24312500000,8409310000,484790000000000,525686000,42941800000000
0,68685500000,0,0,35833100,58091200000,5541440000,484720000000000,256649000,48031300000000
0,139952000000,0,0,55476100,31224400000,1758480000,484500000000000,373583000,48387100000000
0,277710000000,0,0,23535000,64264100000,2491910000,484360000000000,829727000,50226700000000
300454000000,109882000000,0,0,466375000,66137500000,24434000000,484110000000000,283650000,55859900000000
238738000000,120921000000,0,0,243326000,32160300000,14056400000,484070000000000,258285000,34911200000000
261778000000,119380000000,0,15633500000,938898000,78232700000,93852200000,483690000000000,442302000,59175600000000
0,142478000000,0,0,63983400,48212800000,1802200000,483680000000000,289794000,51895400000000
217297000000,99298600000,0,0,375360000,53269700000,26547400000,483190000000000,395100000,48896300000000
224648000000,162908000000,0,0,214773000,70548800000,20020200000,482020000000000,363552000,53167100000000
233246000000,81376800000,0,0,380920000,59220400000,22191200000,481260000000000,227681000,55395900000000
0,72850100000,0,0,65131400,13670900000,10094100000,480920000000000,463391000,14247400000000
0,99898700000,0,0,19073100,36183400000,6768330000,480730000000000,327666000,48226000000000
9418370000,407925000000,0,0,265456000,59411200000,10178500000,480260000000000,493833000,53579200000000
0,337374000000,0,0,23988900,78507800000,4600530000,480140000000000,797643000,62990600000000
0,43340600000,0,0,29620000,5727450000,5169800000,479890000000000,60430100,9484910000000
0,410675000000,0,0,95142300,73871400000,9068790000,479690000000000,465572000,54511400000000
0,203044000000,0,0,30298800,58419900000,2387860000,479470000000000,396496000,59970300000000
0,484010000000,0,0,37251400,100374000000,8633490000,479420000000000,867742000,59592700000000
0,222628000000,0,2056670000,56172200,69705800000,5593580000,479400000000000,780544000,55704400000000
0,151251000000,0,2899460000,80392300,47445400000,9310790000,479130000000000,491355000,47979500000000
0,103443000000,0,0,17840000,57734800000,10986000000,478960000000000,173520000,56418900000000
499681000000,112304000000,0,0,268312000,80638500000,26863600000,478740000000000,233588000,54854700000000
243552000000,105311000000,0,0,237451000,72047100000,16566300000,478500000000000,273775000,61024000000000
0,322321000000,0,24831600000,39097900,69797400000,3696640000,478230000000000,430555000,66355900000000
32500800000,219221000000,0,0,149407000,92278700000,6664780000,478120000000000,760811000,66955400000000
0,117183000000,0,0,31189100,41298700000,3100220000,477600000000000,197150000,44650500000000
0,249925000000,0,0,82854400,83681000000,3890200000,477300000000000,1159310000,58417900000000
0,297910000000,0,0,112573000,42041400000,11158300000,477270000000000,323685000,46284300000000
0,283109000000,0,0,45441400,77659600000,3186240000,476270000000000,338410000,58499700000000
2093260000,9266100000,12248100000,0,341291000,53615600000,252430000000,476140000000000,100776000,59266100000000
0,156902000000,0,0,43296900,73309500000,6763080000,476020000000000,286608000,55256000000000
0,117145000000,0,0,81771400,33758100000,11011300000,475960000000000,155799000,43900700000000
0,176020000000,0,0,67216600,64075000000,13615400000,475600000000000,257658000,61515900000000
0,74907100000,0,0,4917060,22485900000,5302240000,475590000000000,260152000,48649200000000
0,89097300000,0,0,8250920,62899600000,6386570000,475560000000000,378232000,58414300000000
0,73019300000,0,0,8835300,45097700000,9705060000,475080000000000,199742000,59861300000000
0,221412000000,0,0,29643500,51712600000,4175010000,473810000000000,488624000,52241400000000
0,29437600000,0,0,2818320,13171100000,4222430000,473610000000000,49977900,38738500000000
296021000000,90447500000,0,0,374159000,51864500000,26923100000,473390000000000,272000000,49535000000000
70762600,386202000000,0,0,94484300,37234800000,6774390000,473310000000000,550257000,51831600000000
362367000000,110943000000,0,0,391849000,58055100000,26542000000,472890000000000,252347000,50965200000000
0,322828000000,0,0,22722700,92424500000,2883200000,472620000000000,484624000,62595000000000
172118000000,98882800000,0,0,183944000,81055200000,16233900000,472610000000000,239523000,61247600000000
0,150233000000,0,0,81507400,67077900000,9524190000,472520000000000,494127000,59703800000000
0,51819500000,0,0,18572200,40071400000,7220170000,471820000000000,230459000,56067000000000
0,210808000000,0,324348000,40133000,42454800000,4100480000,471060000000000,278437000,44490800000000
0,184248000000,0,0,9232810,69360400000,1804930000,470320000000000,454646000,55486000000000
0,291573000000,0,0,100329000,54392400000,3712530000,470150000000000,575245000,45316200000000
0,207276000000,0,5273280000,9512780,77890800000,679877000,469730000000000,422117000,51446900000000
0,167434000000,0,0,21082600,62833600000,4578660000,469640000000000,380841000,55830800000000
17252000,68082100000,0,0,83520500,28475500000,13454500000,469420000000000,244432000,31159900000000
0,212879000000,0,4448310000,4935510,57616800000,573515000,468300000000000,360949000,57204100000000
0,85300900000,0,0,90624600,75920200000,10109800000,468270000000000,204125000,59260700000000
0,93209000000,0,0,87834200,82890500000,11226600000,468240000000000,251361000,57893200000000
0,152257000000,0,0,90741000,42753600000,7912780000,468090000000000,277106000,55319300000000
300677000000,169134000000,0,0,247665000,83504800000,21206700000,467850000000000,410778000,58724100000000
0,155553000000,0,0,31474700,41338300000,9839040000,467650000000000,382900000,49271900000000
194394000000,77954900000,0,0,359762000,42928100000,22460100000,466850000000000,255434000,52360100000000
3959390000,97607100000,0,0,76986700,28390500000,7795660000,466450000000000,286744000,42049500000000
0,162233000000,0,0,39503000,86401300000,7921150000,466410000000000,376259000,57597200000000
0,256913000000,0,0,17293300,75597400000,1701530000,466340000000000,314613000,56807900000000
0,258657000000,0,5441610000,9789650,50314800000,1156720000,465650000000000,376266000,53697200000000
0,200413000000,0,0,11050100,64409400000,6099410000,465600000000000,245400000,58049600000000
0,182654000000,0,0,26834600,74510100000,9650190000,465360000000000,771123000,59469300000000
0,103448000000,0,0,76846000,50690900000,10447400000,464740000000000,118664000,49896500000000
0,361830000000,0,0,171984000,94343000000,12512900000,464150000000000,1229510000,63356000000000
0,234132000000,0,0,92901100,72895300000,13187300000,463980000000000,403091000,57212400000000
0,79005000000,0,0,81201800,66536400000,7322910000,463880000000000,213775000,55520000000000
107563000000,92315000000,0,0,116885000,55721200000,10235600000,463460000000000,200179000,48486600000000
0,340144000000,0,0,12991900,16515600000,2598600000,463390000000000,720957000,34861700000000
9149220000,82499800000,7544870000,0,100712000,82882100000,6344780000,463270000000000,219851000,58340000000000
66991400000,126683000000,0,0,153068000,73782800000,9067600000,463160000000000,449290000,57118300000000
0,80263400000,0,0,50701400,50614400000,11821700000,462840000000000,153509000,50338200000000
0,240203000000,0,0,47315500,75874900000,11016800000,462790000000000,456448000,51135600000000
0,341507000000,0,0,31237000,78184500000,2107870000,462680000000000,753175000,60417700000000
0,149434000000,0,0,85139100,97719000000,8148170000,462640000000000,417676000,63164200000000
0,302868000000,0,0,20804600,65311600000,5107240000,462490000000000,248135000,48389000000000
0,209004000000,0,0,92645400,84279100000,12325000000,462470000000000,395011000,59323000000000
0,170175000000,0,0,63699300,42519300000,9067720000,462030000000000,233452000,51255400000000
0,219390000000,0,0,53023200,49796200000,3889050000,461760000000000,358877000,37796200000000
0,117763000000,0,2012820000,54020100,54800500000,8135460000,461270000000000,207072000,53457600000000
0,51683400000,0,0,55198800,67399000000,8589910000,460860000000000,238837000,54602300000000
285668000000,334261000000,0,214345000,386541000,80843100000,13637400000,460600000000000,1224670000,61001000000000
0,151735000000,0,0,20695800,42872100000,9610580000,460400000000000,265403000,56813400000000
117362000000,86303400000,0,0,178385000,69997700000,14066500000,460320000000000,298369000,58291700000000
224114000000,100872000000,0,3885520000,440825000,70397500000,27518200000,460170000000000,307291000,58820700000000
0,76717900000,0,0,71174700,45129700000,7563340000,459160000000000,269709000,43807900000000
0,140918000000,0,19097200000,34558600,66438500000,2462180000,459020000000000,379897000,56793000000000
0,72592400000,0,0,215819,5737080000,232242000,458930000000000,167360000,26208800000000
0,669012000000,0,928755000,201565000,65015400000,7941700000,458900000000000,687439000,57266400000000
0,302874000000,0,0,61939100,75703400000,8760800000,458490000000000,556666000,60980400000000
47847200000,89549300000,0,0,178599000,76336500000,14660100000,458200000000000,249581000,61410500000000
0,184578000000,0,0,69795300,83829700000,15007400000,457350000000000,173312000,58633300000000
74416800000,26771800000,0,0,206096000,31244000000,12651200000,456570000000000,91493700,43088900000000
468359000000,122537000000,0,0,414203000,79403500000,31322400000,456420000000000,359335000,52133200000000
0,313298000000,0,0,8439190,68945900000,1023530000,456070000000000,724247000,51160700000000
77388300000,71051700000,0,0,246385000,65113900000,19593600000,455710000000000,282509000,51051500000000
0,303030000000,0,0,137202000,64364200000,12032200000,455430000000000,420925000,54201500000000
254559000000,68229300000,0,0,331762000,75982300000,26172300000,455290000000000,255235000,55791500000000
566645000000,91243800000,0,0,617909000,98130600000,41013300000,455090000000000,292289000,60350800000000
111771000000,108472000000,0,0,167909000,37734900000,15983300000,454690000000000,315482000,39166500000000
0,179115000000,0,7159350000,74272700,55939800000,4057860000,454500000000000,342418000,58322900000000
0,190662000000,0,0,76781700,45438200000,12435700000,454170000000000,269968000,52473800000000
0,118807000000,0,0,48270700,39812300000,2578120000,454160000000000,597274000,44711300000000
123075000000,236699000000,0,0,109798000,70680400000,6319300000,454050000000000,591187000,54273100000000
0,114388000000,0,0,38078700,66776900000,8345250000,453890000000000,148061000,54272100000000
526737000000,65994300000,0,0,1230390000,85570800000,66054400000,453580000000000,315307000,57056600000000
0,232927000000,0,0,2689890,33537600000,1520200000,453450000000000,380087000,44218000000000
0,337053000000,0,0,36913500,58432500000,9976440000,453150000000000,691881000,56716200000000
0,174995000000,0,1897650000,52157600,50081800000,7153840000,452840000000000,280805000,49385200000000
0,218266000000,0,4766920000,57469300,39610300000,2152930000,452330000000000,371608000,47076200000000
0,470212000000,0,0,125156000,79364700000,12393700000,452320000000000,784608000,60228800000000
140132000000,146153000000,0,0,180224000,19890400000,8219860000,452060000000000,274139000,38210900000000
0,170951000000,0,0,17673100,71866600000,1551740000,452010000000000,307094000,49705200000000
184981000000,29815700000,0,0,420969000,42288600000,39978200000,451840000000000,106794000,53428000000000
317985000000,106763000000,0,4243440000,959377000,50314600000,56419600000,451740000000000,446227000,54091100000000
0,117864000000,0,1262640000,26442700,63121800000,3328890000,451720000000000,321662000,54917900000000
103795000000,125226000000,0,0,119270000,82961300000,9881370000,451700000000000,303274000,54848900000000
0,169775000000,0,0,10408000,39805700000,2207300000,451540000000000,245837000,46515100000000
0,524347000000,0,8192490000,15743300,68165000000,1056250000,451140000000000,800803000,51515000000000
0,90248700000,0,0,61806100,51083400000,6672510000,450960000000000,305209000,46340900000000
0,179990000000,0,0,79031500,47562100000,9138220000,450860000000000,295332000,53777500000000
0,373560000000,0,0,157590000,82475500000,10280600000,450660000000000,590325000,57665600000000
0,175909000000,0,0,57784500,70432100000,5294430000,450380000000000,306820000,52986800000000
157139000000,188298000000,0,2965290000,176839000,78149600000,13598800000,450370000000000,423492000,57183000000000
111332000000,174550000000,0,0,194372000,64086400000,9357110000,450340000000000,542645000,55574100000000
0,189300000000,0,0,89311700,67535500000,10048400000,450280000000000,433780000,57235100000000
179628000000,105153000000,0,0,333623000,6054790000,14131900000,449710000000000,326712000,6390350000000
127476000000,255901000000,0,0,181611000,77806200000,7453110000,449600000000000,834806000,58698100000000
146000000000,184108000000,0,0,98178900,43841100000,6049000000,449440000000000,386621000,42771500000000
0,14922600000,0,0,45457900,55731600000,7761030000,448920000000000,115865000,50421900000000
0,48526000000,0,0,44384900,67298100000,14272300000,448740000000000,205590000,60338200000000
0,107702000000,0,0,29232100,89756400000,4661760000,448590000000000,493281000,56132000000000
0,98137200000,0,0,101394000,36206800000,19625900000,448460000000000,152503000,55974800000000
347316000000,316647000000,0,3258590000,304415000,71737000000,10587400000,448330000000000,549452000,56584700000000
0,203942000000,0,0,26348100,60687300000,2356630000,448230000000000,452189000,53508700000000
0,264973000000,0,0,7289260,64832300000,2547630000,448150000000000,577354000,56171300000000
0,308172000000,0,0,59438000,48460500000,7149600000,447950000000000,1283640000,45653400000000
52452200000,72987500000,0,0,119268000,71854900000,18757000000,447900000000000,145096000,57583800000000
0,448537000000,0,0,62119300,73638400000,7129880000,447520000000000,478603000,55507900000000
339532000000,74138500000,0,0,237458000,57316400000,12721700000,447420000000000,180945000,46951600000000
274166000000,115253000000,0,0,386943000,82601000000,28822500000,447410000000000,455566000,55512000000000
0,327596000000,0,0,13631400,50894200000,633396000,446440000000000,397080000,41443200000000
0,193696000000,0,0,16426300,86386500000,2434760000,445780000000000,453129000,58837500000000
0,224782000000,0,0,36391800,71754800000,5463230000,445440000000000,666807000,57022000000000
0,95166000000,0,0,70749600,40864800000,7667820000,445310000000000,353502000,43462000000000
0,227776000000,0,0,20307300,44534500000,997462000,444710000000000,335722000,39847900000000
0,96977200000,0,0,41394800,43099600000,7355110000,444480000000000,217446000,47694000000000
0,251560000000,0,0,189313000,86991100000,18047400000,444320000000000,580585000,59824600000000
0,228937000000,0,0,26241100,66312700000,3400500000,444160000000000,420141000,55120700000000
0,224871000000,0,0,51060500,35010600000,10258400000,444100000000000,348000000,49125800000000
123398000000,117081000000,0,0,119745000,47077900000,9141850000,443770000000000,288300000,46165300000000
178871000000,144216000000,0,0,301293000,78057700000,25655000000,443610000000000,415486000,57097400000000
0,156591000000,0,0,1318540,40858900000,327211000,443460000000000,805765000,43181300000000
99986100000,197403000000,0,0,96944700,62724300000,8541680000,443450000000000,524921000,53089900000000
0,263579000000,0,0,23033700,91035600000,5543890000,442740000000000,1148470000,59155300000000
0,54512500000,0,0,51232600,39909800000,3565300000,442440000000000,246464000,44557400000000
0,46251800000,0,0,79880800,49528500000,16568300000,442350000000000,115376000,56542600000000
0,169899000000,0,0,4650010,65416400000,1610680000,441820000000000,374114000,52204400000000
0,108508000000,0,0,75294000,41128400000,12390000000,441730000000000,254975000,43751400000000
0,249034000000,0,0,26388100,73263000000,9754730000,441710000000000,385392000,54316400000000
44524100000,127769000000,0,0,578228000,81140100000,39463400000,441650000000000,231623000,58873800000000
0,291521000000,0,1505920000,131114000,80243400000,13159200000,441650000000000,614723000,60871600000000
0,225147000000,0,0,78976300,67003300000,5447220000,441630000000000,468376000,53223900000000
0,76730000000,0,0,11882800,9625560000,3304170000,441360000000000,181971000,26941700000000
514823000000,75249500000,0,0,1519680000,70422200000,95659200000,441050000000000,284410000,53670200000000
374790000000,157204000000,0,0,333043000,80307700000,28596100000,440950000000000,486263000,57895800000000
0,264792000000,0,0,24985400,61168200000,2356560000,440540000000000,505404000,47536000000000
0,226003000000,0,0,25418000,68668200000,7195320000,440340000000000,390264000,51977100000000
120942000000,102438000000,0,0,190805000,71285000000,18576700000,440220000000000,392405000,53556400000000
0,110497000000,0,0,46391600,15315500000,5554590000,439930000000000,212860000,38937400000000
0,415342000000,0,81321300000,178124000,58434400000,10023000000,439860000000000,2117860000,53720800000000
0,208370000000,0,0,105957000,75280700000,10153700000,439650000000000,372650000,54047900000000
0,315211000000,0,0,54000500,59692200000,4684490000,439390000000000,332737000,50622700000000
0,263669000000,0,0,244652000,58326300000,16340500000,439160000000000,536107000,54593500000000
0,216921000000,0,0,46341600,84267700000,10203200000,438550000000000,475065000,58903800000000
0,108811000000,0,0,12524300,57847600000,1075760000,438000000000000,183957000,48223600000000
0,114402000000,0,0,8338760,38576100000,5067630000,437830000000000,163780000,44549400000000
0,306997000000,0,0,93706300,86765600000,9689740000,437740000000000,623505000,59792200000000
0,322200000000,0,0,114734000,45862300000,8810240000,437730000000000,746247000,48095100000000
45182000000,165826000000,0,0,73089600,74880700000,7745510000,437510000000000,371663000,57495200000000
0,520510000000,0,0,142849000,81030200000,7517260000,437460000000000,475229000,53359200000000
279112000000,150846000000,0,0,401624000,76720300000,22253700000,437380000000000,443444000,54716000000000
0,121984000000,0,0,81996700,23197400000,6399470000,437290000000000,199548000,25003900000000
0,125320000000,0,17933300000,25742700,53888300000,2312120000,437130000000000,551163000,57240400000000
0,286458000000,0,0,29507800,40233600000,4094330000,437070000000000,498290000,47306500000000
0,336191000000,0,0,36244400,49205400000,3121390000,436880000000000,583546000,47556700000000
0,220360000000,0,0,14349400,67744300000,2677290000,436620000000000,410286000,45407500000000
0,76889300000,0,0,618401,10729400000,1048610000,436400000000000,159606000,28061900000000
0,122165000000,0,0,43675900,53896600000,12941200000,436390000000000,392599000,52674400000000
0,184841000000,0,0,99404800,90197200000,10032200000,436240000000000,503415000,55692900000000
153435000000,39857800000,0,0,337708000,24014700000,25503600000,436040000000000,130416000,33887200000000
0,255353000000,0,0,113803000,91621200000,16416500000,436000000000000,327091000,60021800000000
0,185535000000,0,0,11429900,64197600000,3889700000,435880000000000,322502000,50523800000000
153181000000,145637000000,0,0,139082000,83543500000,14262800000,435700000000000,327995000,54029200000000
0,472752000000,0,160945000,70188200,29109400000,5162490000,435590000000000,1188830000,41280600000000
0,260541000000,0,29846500000,74662700,31883400000,3848070000,435580000000000,756439000,41449500000000
0,102475000000,0,0,87217000,23068800000,8408960000,435560000000000,142502000,36033700000000
0,536081000000,0,0,171006000,47393000000,10065600000,435340000000000,572870000,51629300000000
0,133859000000,0,0,69068800,46057000000,3092910000,435330000000000,330401000,49703500000000
0,181342000000,0,0,39838800,38194400000,5703160000,435210000000000,467435000,45198800000000
0,50017600000,0,0,11214800,72933400000,4460190000,435210000000000,253629000,51516200000000
0,226600000000,0,5909610000,2849580,52610900000,761918000,435190000000000,456989000,49666700000000
227781000000,99870700000,0,0,277115000,72285500000,22588600000,435170000000000,368040000,50846700000000
0,131978000000,0,0,27870300,68052600000,6554760000,435040000000000,253131000,52976700000000
102199000000,195754000000,0,1193890000,73934400,57628700000,6467590000,434870000000000,579591000,50337900000000
51786600000,86992400000,0,1280290000,126127000,59705300000,15408300000,434810000000000,314356000,49625200000000
0,164786000000,0,19114800000,28166900,41812200000,2440290000,434710000000000,652308000,44790900000000
0,135843000000,0,0,73580400,75345700000,4410810000,434150000000000,543033000,51410400000000
0,224491000000,0,0,15583700,72879900000,3878050000,434080000000000,639014000,59496300000000
0,80084100000,0,0,82116300,15024000000,4882340000,433800000000000,218147000,37056300000000
21318500000,37647100000,0,0,88400000,68724300000,16247600000,433610000000000,123474000,53138200000000
0,126374000000,0,0,43735800,52990900000,8295130000,433590000000000,220555000,49784100000000
0,72490600000,0,0,5241910,55400000000,3741010000,432360000000000,124701000,47500800000000
0,136187000000,0,0,23649400,72893900000,5497720000,432300000000000,283412000,52675300000000
63718900000,167374000000,0,100359000,56074600,64091500000,1569800000,432290000000000,498827000,51942800000000
38293300000,29318200000,0,864651000,76235600,34448900000,10112600000,432030000000000,104350000,51862600000000
0,188791000000,0,8996830000,153065000,33691400000,8142430000,431990000000000,504881000,48994700000000
378148000000,58919300000,0,5068400000,716279000,60066700000,48173200000,430600000000000,225011000,56136700000000
126616000000,118248000000,0,0,224680000,37670500000,13860200000,430570000000000,463508000,48276800000000
72167000000,88597700000,0,0,115162000,30294300000,13176400000,430550000000000,242864000,31421400000000
0,346593000000,0,0,30074100,57282900000,4957120000,430230000000000,780861000,53575100000000
0,118870000000,0,0,6517550,25920400000,3553340000,429770000000000,194725000,40128500000000
0,373213000000,0,0,116887000,68574900000,6085950000,429680000000000,431926000,49438900000000
0,72035800000,0,0,12549300,62810600000,4782350000,429430000000000,286963000,54820100000000
0,90792700000,0,0,102676000,101317000000,12602200000,429280000000000,246725000,57742200000000
0,296972000000,0,0,15165000,46674900000,1434660000,429170000000000,402053000,44686200000000
0,61999800000,0,0,7215130,62500100000,1803580000,428870000000000,242595000,51666300000000
174833000000,123893000000,0,0,241843000,76006400000,24386000000,428780000000000,367831000,55308000000000
0,129929000000,0,0,83627300,80337200000,22989800000,428290000000000,522570000,58944400000000
97089400000,71507900000,0,0,117788000,38415200000,11756200000,428230000000000,181109000,45157200000000
0,277333000000,0,0,45694100,59541700000,4814390000,427870000000000,660770000,53450400000000
0,266370000000,0,0,81550700,81704800000,11198300000,427690000000000,518385000,57669800000000
0,272690000000,0,0,56643900,33065000000,4803000000,427170000000000,537521000,42743300000000
691404000,86044500000,0,2203620000,108890000,32699600000,8173590000,427150000000000,120834000,36798700000000
0,94217600000,0,0,13272100,71052000000,6411730000,427080000000000,265913000,56528800000000
0,116555000000,0,0,26391000,45610700000,4704960000,426990000000000,300059000,48632500000000
137862000000,245502000000,0,0,101038000,29370800000,5819230000,426940000000000,426039000,39805400000000
49677800000,46497300000,0,0,97577000,21908100000,8690240000,426900000000000,162002000,45626100000000
270256000000,150125000000,0,0,543115000,72851900000,24699900000,426860000000000,383095000,50310500000000
0,157736000000,0,0,10747100,44460200000,6243030000,426570000000000,273308000,47805400000000
0,259036000000,0,0,93346600,52819300000,7931320000,425840000000000,386306000,50065600000000
116379000000,51467100000,0,0,287665000,36178700000,22952200000,425600000000000,200778000,40898800000000
0,97869800000,0,2426230000,76814100,60963900000,5092120000,425590000000000,248399000,42956200000000
141177000000,97854200000,0,0,122405000,252655000,5330700000,425560000000000,307633000,69766800000
71300800000,75007200000,0,0,76805900,39839000000,14213600000,425540000000000,148994000,47895800000000
0,590456000000,0,702230000,292589000,56162700000,16516400000,425280000000000,1070270000,48331200000000
0,55163400000,0,0,69459100,59126900000,8664420000,424990000000000,166854000,46653000000000
0,236208000000,0,0,19337200,39036800000,8048630000,424490000000000,382072000,49324500000000
0,112777000000,0,0,41709000,80455900000,5693770000,424480000000000,311117000,56986100000000
0,235235000000,0,0,9266000,65882700000,3514770000,424450000000000,709382000,54120200000000
0,197643000000,0,0,20267700,57766200000,2501880000,424350000000000,468665000,52300100000000
346717000000,59156000000,0,0,308052000,44180200000,22973000000,424300000000000,169669000,47017700000000
0,227753000000,0,0,43956300,60885700000,3823450000,424280000000000,629507000,48035200000000
0,59785800000,0,0,9229900,64232700000,2892690000,424110000000000,274362000,50187900000000
0,151535000000,0,0,41281400,71544800000,6777350000,423670000000000,474818000,52657500000000
0,199413000000,0,0,6188650,56561300000,2847200000,423440000000000,313106000,47761400000000
0,118882000000,0,0,15622700,77069600000,6086620000,423330000000000,184536000,47704800000000
0,311413000000,0,0,15983600,71387500000,3047440000,422450000000000,533575000,55636100000000
0,170827000000,0,790209000,36990300,76158000000,5080330000,422300000000000,393761000,53963200000000
204653000000,115335000000,0,0,231125000,68944100000,14585300000,422010000000000,326335000,54468200000000
0,154088000000,0,0,46553000,65184000000,12575500000,421940000000000,147635000,46815100000000
0,219295000000,0,0,62805200,44628400000,4376690000,421920000000000,334071000,41068200000000
0,176291000000,0,0,69286900,46462300000,9091390000,421870000000000,334781000,46597100000000
119910000000,115052000000,0,0,90156500,73065000000,6848910000,421810000000000,268021000,54107700000000
0,247628000000,0,1438220000,46790300,63787900000,7939620000,421060000000000,343994000,49154200000000
101251000000,108629000000,0,0,114223000,49983400000,12929000000,420820000000000,214883000,43629100000000
0,170644000000,0,0,7110880,68848400000,2069700000,420690000000000,467253000,53834600000000
0,127584000000,0,6748640000,7916130,35184200000,870093000,420390000000000,224460000,41506600000000
240072000000,111226000000,0,0,268167000,35538900000,14036200000,420119000000000,323779000,70898100000000
143068000000,103744000000,0,0,356191000,54470100000,16426300000,420070000000000,393641000,44672900000000
0,236044000000,0,0,126085000,68980100000,12125400000,420010000000000,347809000,53390900000000
0,145696000000,0,0,65497300,29999900000,5322400000,419910000000000,312025000,37183700000000
142360000000,106040000000,0,0,157751000,55488600000,17947000000,419600000000000,259447000,50720600000000
0,207837000000,0,0,61544100,74905700000,9194680000,419530000000000,549749000,55820500000000
0,92649100000,0,1540840000,67326700,61603000000,8886570000,419400000000000,182133000,46820300000000
0,95667900000,0,0,17918200,15508500000,451721000,419360000000000,314658000,30745500000000
0,172842000000,0,0,33928800,58254000000,10265000000,418940000000000,241855000,50500000000000
207335000000,204348000000,0,0,134562000,69489000000,4717450000,418890000000000,373810000,50578500000000
281448000000,246391000000,0,0,194605000,66447800000,9083350000,418790000000000,605352000,53270600000000
0,88998100000,0,0,23139900,41484000000,2386980000,418760000000000,324765000,42069300000000
0,403443000000,0,0,184223000,66511000000,8371600000,418350000000000,930789000,53849200000000
0,167670000000,0,0,40829600,42723600000,11579000000,418250000000000,449706000,45037000000000
0,319025000000,0,0,103862000,88246100000,9675330000,417920000000000,520613000,55542600000000
0,322409000000,0,0,22035500,53139300000,7670390000,417850000000000,457435000,48770000000000
42273700000,110313000000,0,0,134619000,73685900000,7142790000,417650000000000,439236000,56305400000000
0,114237000000,0,0,68108000,5073840000,7249940000,417270000000000,219775000,27665500000000
0,102866000000,0,0,68967400,52752600000,13383100000,417090000000000,107384000,46383100000000
0,147283000000,0,0,4326620,31536700000,1668070000,417020000000000,429878000,45926900000000
37600700000,163792000000,0,0,92681600,63664700000,6662650000,416920000000000,376729000,53128800000000
0,43993600000,0,0,14556600,4806710000,1294300000,416900000000000,99044900,21732200000000
0,59398100000,0,902881000,19521100,31683900000,5784480000,416460000000000,117770000,37044300000000
0,102940000000,0,0,69744600,75126200000,17095900000,416200000000000,185659000,54722900000000
0,183412000000,0,151587000,11057400,42364400000,628603000,416160000000000,358431000,47245700000000
26005600000,39186400000,13276400000,0,894070000,62034900000,204387000000,416150000000000,174210000,54599200000000
0,152800000000,0,0,35422400,15219600000,1701150000,415900000000000,311283000,12948600000000
0,289445000000,0,0,10574500,42299300000,3752420000,415790000000000,227896000,39392400000000
10189900000,52600000000,0,0,46832100,35526900000,10946300000,415650000000000,142566000,42795400000000
0,158638000000,0,0,35142100,66650600000,3132640000,415380000000000,364854000,50242400000000
0,624472000000,0,0,68734600,63970300000,5477670000,415150000000000,1171170000,45634700000000
0,159840000000,0,0,89710400,36697300000,6257600000,414950000000000,199745000,42528500000000
0,340319000000,0,0,4869290,20652800000,527156000,414720000000000,370077000,24220900000000
0,151173000000,0,0,6996370,51836400000,887679000,414580000000000,290402000,52803800000000
217789000000,2466340000,0,0,1540070000,37026000000,156641000000,414480000000000,20734700,37590300000000
0,63107600000,0,0,12533800,44990100000,4098700000,414030000000000,239164000,46980900000000
0,116209000000,0,0,114828000,57992200000,14538100000,413780000000000,282736000,51108500000000
0,162585000000,0,0,33770200,65564900000,6126790000,413130000000000,350328000,49131100000000
0,150559000000,0,0,22912000,73652200000,3207230000,412940000000000,340626000,53136700000000
0,101025000000,0,0,1839250,38038200000,2326510000,412910000000000,209851000,46856600000000
0,97413700000,0,0,29975300,33064500000,7963630000,412900000000000,170027000,30800100000000
333681000000,60121200000,0,0,398118000,49505800000,26541800000,412780000000000,166080000,37676000000000
0,115823000000,0,7826810000,2342730,67503500000,1009100000,412670000000000,316560000,46985400000000
0,198721000000,0,6855630000,65315100,86576900000,1851820000,412460000000000,758863000,56180700000000
0,140751000000,0,0,72429800,73654300000,6236830000,412360000000000,349048000,47018500000000
0,212730000000,0,4153980000,99324000,55729600000,11010300000,412210000000000,394523000,51335000000000
181178000000,103292000000,0,0,182854000,64334000000,16943600000,412160000000000,198877000,48036400000000
0,199191000000,0,0,119285000,84333400000,17983600000,412130000000000,260733000,52555800000000
126944000000,52928800000,0,4017460000,549995000,82526300000,34149800000,411760000000000,296368000,54261900000000
76974200000,227428000000,0,846097000,54227100,73296900000,3838720000,411680000000000,409493000,50952300000000
0,150906000000,0,15116800000,30159400,49991400000,1948990000,411610000000000,423433000,50263600000000
0,163044000000,0,13517600000,12980900,51025800000,1732300000,411390000000000,641538000,44879600000000
0,147169000000,0,0,23128800,85422900000,7844570000,411370000000000,417933000,55007800000000
0,138540000000,0,0,14690100,61460200000,2216180000,411290000000000,593738000,49577700000000
0,55921500000,0,0,66592100,42411400000,13601800000,411090000000000,167872000,45872200000000
61850400000,31744800000,0,0,575558000,68832000000,74430300000,410960000000000,142993000,51866700000000
0,267887000000,0,0,150789000,65195400000,12569300000,410810000000000,516807000,55986700000000
0,132218000000,0,0,27129300,45948800000,5276070000,410730000000000,348092000,48570500000000
0,225293000000,0,0,26584100,61299100000,5032390000,410490000000000,425533000,54074500000000
0,102784000000,0,0,55326000,48736400000,8990170000,410410000000000,258318000,50971100000000
0,264682000000,0,0,88042500,49158800000,12700600000,410350000000000,484186000,54897100000000
0,72308000000,0,0,14792500,11858200000,788983000,410290000000000,223681000,18644000000000
0,138099000000,0,0,14394900,54028600000,3871340000,410220000000000,280715000,43841200000000
0,117162000000,0,0,73101100,24557900000,2714300000,410160000000000,148568000,36924300000000
0,218314000000,0,0,37889000,60086600000,2583250000,409540000000000,195064000,45887800000000
0,107532000000,0,0,19334500,79658900000,10098200000,409530000000000,197962000,56166000000000
0,274402000000,0,0,21996700,75487500000,2436360000,409480000000000,517615000,52379700000000
0,108060000000,0,0,105662000,61507500000,12687400000,409330000000000,298465000,53742800000000
76867300000,134076000000,0,0,134749000,79150700000,13875200000,408970000000000,371830000,53868300000000
0,191219000000,0,0,28149700,83728000000,13398900000,408920000000000,649639000,54944100000000
510859000000,275002000000,0,819199000,266879000,88576100000,11591000000,408860000000000,497123000,53220800000000
0,160029000000,0,0,50541300,88810600000,7640510000,408840000000000,417113000,55486700000000
0,78757300000,0,0,1944780,45044400000,1590050000,408420000000000,159110000,42059000000000
0,123653000000,0,0,45176900,71577800000,5553800000,408150000000000,262169000,53160900000000
0,103439000000,0,0,120960000,83035300000,18642500000,408050000000000,272328000,54400600000000
154315000000,199171000000,0,0,163727000,60614400000,13715900000,408000000000000,419143000,54245800000000
102153000000,9421240000,0,0,436848000,36235300000,48358300000,407770000000000,45593200,41810900000000
261009000000,84655200000,0,0,378606000,53616600000,20648300000,407540000000000,240620000,46943500000000
0,129861000000,0,0,64618800,85502100000,11981500000,407430000000000,431735000,54506900000000
0,312737000000,0,0,46746000,50392400000,8923880000,407040000000000,1086370000,47360500000000
188705000000,87792100000,0,0,140676000,54742700000,16016600000,406870000000000,193306000,47339500000000
122355000000,167007000000,0,0,131074000,77508100000,11083600000,406720000000000,319183000,52330000000000
0,370150000000,0,0,272270000,66581300000,8705190000,406300000000000,530214000,50222900000000
114493000000,119326000000,0,0,165562000,75812600000,18818800000,406250000000000,316409000,53727600000000
98131300000,87228000000,0,0,285450000,79220300000,14805500000,405910000000000,374111000,51523300000000
0,201746000000,0,0,135135000,79150800000,11960400000,405620000000000,663869000,54799400000000
218095000000,72549100000,0,0,201834000,34897700000,15144600000,405400000000000,154512000,39589400000000
0,86127000000,0,0,29871500,38568300000,7261640000,405350000000000,196589000,46330000000000
144395000000,69194600000,0,0,488646000,49283800000,25887500000,405270000000000,319037000,49728900000000
0,161150000000,0,0,143311000,67308000000,10655700000,405240000000000,327114000,55942000000000
0,239695000000,0,0,39556900,41987200000,1981550000,405010000000000,463453000,41519100000000
0,343629000000,0,0,116312000,81063500000,16937000000,404940000000000,1390970000,48970000000000
221544000000,153591000000,0,1730400000,460296000,40246200000,23514100000,404910000000000,694817000,48397100000000
28502100000,41813700000,0,0,66552700,45692600000,3868640000,404890000000000,138964000,48486900000000
0,342628000000,0,0,100646000,50468300000,13314500000,404410000000000,756558000,48616600000000
0,79774300000,0,0,44447300,58195800000,8705170000,404380000000000,347046000,44292000000000
221656000000,109544000000,0,7939570000,274365000,39025200000,12597500000,404350000000000,238632000,39435100000000
0,130557000000,0,0,20040700,39183700000,4275730000,404180000000000,424416000,43840600000000
139678000000,152445000000,0,0,174140000,48459100000,9697690000,404100000000000,438272000,43780900000000
0,85502700000,0,0,6346250,23858800000,1770330000,403730000000000,266976000,34882000000000
0,232896000000,0,0,15277600,74876800000,9864760000,403660000000000,449122000,49898700000000
510039000000,194627000000,0,0,812058000,85264900000,40546800000,403600000000000,499286000,56367800000000
0,192374000000,0,0,132689000,75502100000,9145710000,403550000000000,562987000,56652400000000
0,225963000000,0,0,39388300,24050500000,9910750000,403530000000000,345291000,38773800000000
0,278877000000,0,5869440000,66973800,77618600000,1420710000,403340000000000,385466000,50848400000000
295804000000,90582900000,0,0,403426000,73814800000,29797200000,402880000000000,303390000,52912900000000
0,175599000000,0,4684940000,78197100,63277200000,6125420000,402850000000000,520190000,55235900000000
162635000000,162824000000,0,0,73062400,72804200000,3947010000,402690000000000,335765000,49410100000000
0,138908000000,0,0,10414200,51130500000,2738210000,402630000000000,547016000,49287800000000
0,83228300000,0,0,24338100,44955500000,8822640000,402580000000000,369472000,44541900000000
0,405565000000,0,0,32323800,57466300000,1612630000,402480000000000,1184580000,46684900000000
0,240362000000,0,0,6628540,58092900000,333685000,402030000000000,350335000,42152600000000
0,210815000000,0,487510000,12749600,64587100000,2095540000,402010000000000,531621000,51927800000000
0,106649000000,0,0,30615100,59850200000,6132890000,401960000000000,336171000,50136000000000
129082000000,284569000000,0,0,86813400,68739400000,4413800000,401910000000000,325331000,50155400000000
0,97258200000,0,0,31749200,41523200000,6640030000,401780000000000,261590000,39151100000000
0,227015000000,0,7207270000,101312000,74553000000,2781380000,401280000000000,377560000,50201700000000
198779000000,142810000000,0,0,156411000,59561400000,5644560000,401270000000000,312822000,43921800000000
0,83112900000,0,0,62518600,24434100000,8226560000,401090000000000,220855000,33193700000000
18381900000,77618000000,0,5050840000,110100000,86330300000,11007300000,400980000000000,262039000,54174400000000
0,105542000000,0,0,13201000,46615800000,5472200000,400800000000000,338303000,50265800000000
14283900000,46775600000,0,0,289890000,54367800000,44930000000,400720000000000,224878000,48943000000000
0,93164100000,0,2255630000,49433500,36005200000,5601100000,400460000000000,290186000,39131400000000
0,127691000000,0,0,70316100,12806600000,6675920000,400250000000000,386494000,18673600000000
0,160393000000,0,0,8982910,27701700000,1108530000,400200000000000,575748000,36321300000000
236439000000,84285800000,0,0,406441000,22326900000,15919100000,400040000000000,318972000,32822400000000
339687000000,115152000000,0,0,634930000,66249500000,39340700000,399710000000000,337144000,46734900000000
0,131225000000,0,0,73349500,58895000000,13716200000,399700000000000,271974000,51681500000000
0,142239000000,0,0,11557300,68107700000,4547770000,399640000000000,521885000,53457900000000
0,239713000000,0,0,4315800,44669300000,866102000,399590000000000,501873000,38644200000000
0,378569000000,0,0,65851600,57329900000,2919780000,399510000000000,451040000,39605500000000
80114200000,57258200000,0,0,84310000,46413500000,4596330000,398890000000000,163467000,44750800000000
20567000000,47566800000,0,0,64047400,32316100000,10837500000,398640000000000,71855200,37708700000000
0,239979000000,0,0,66407400,45335200000,5258850000,397800000000000,543198000,47770100000000
102842000000,51543200000,0,2966740000,161359000,53993600000,13560200000,397790000000000,162427000,47879300000000
0,325232000000,0,12657300000,14221700,33734500000,674008000,397760000000000,494231000,45485100000000
0,216545000000,0,0,15833000,53040800000,2870340000,397700000000000,376499000,48602900000000
0,133397000000,0,0,79644500,86706700000,13688600000,397170000000000,284495000,49939100000000
0,176280000000,0,0,43080100,34237400000,8593170000,397100000000000,389473000,35821500000000
0,206741000000,0,11997900000,13901200,38345200000,1546880000,397100000000000,651051000,47098800000000
125128000000,141211000000,0,0,134527000,57237500000,11611700000,397090000000000,456125000,53715000000000
0,159808000000,0,0,8704590,47108500000,2041920000,397070000000000,389054000,49552100000000
0,207927000000,0,0,27675700,57826300000,7811910000,397050000000000,487630000,42893800000000
184624000000,126470000000,0,0,618309000,48730600000,28930500000,396860000000000,509711000,39990000000000
0,230969000000,0,498024000,28487200,53009900000,2225140000,396860000000000,484776000,45178600000000
0,77242300000,0,0,21560600,62354200000,7352020000,396780000000000,269586000,48374100000000
0,241904000000,0,0,28357200,71960800000,4426180000,396740000000000,505908000,49385300000000
0,82640400000,0,0,57837200,35982900000,4690400000,396740000000000,245383000,40935800000000
289464000000,17983300000,0,0,629615000,26330700000,31626900000,396670000000000,76235700,36988600000000
105955000000,36742600000,0,0,222505000,28701000000,14032200000,396600000000000,132721000,39977900000000
122725000000,17972000000,0,0,667266000,58863700000,49859900000,396430000000000,85258000,49716300000000
0,524628000000,0,6317910000,322841000,82585400000,22193200000,396340000000000,1246050000,50864500000000
191736000000,144072000000,0,0,284042000,42735200000,14648600000,396320000000000,414369000,41885200000000
94320800000,131680000000,0,0,64409900,59127000000,7664550000,396190000000000,326743000,44210900000000
0,296379000000,0,0,89936300,15314400000,8198420000,396090000000000,481660000,31726300000000
202180000000,141887000000,0,567669000,295465000,64678900000,19832400000,396030000000000,404774000,46092600000000
352892000000,118477000000,0,0,377688000,75059200000,14160000000,395980000000000,397826000,39584400000000
0,245299000000,0,0,104510000,78575700000,4979700000,395910000000000,415247000,50723100000000
0,126749000000,0,0,70509400,57732900000,7276920000,395890000000000,428530000,50199500000000
0,152463000000,0,0,35623400,31497100000,3238620000,395870000000000,266989000,37345700000000
152455000000,48295100000,0,0,545362000,60804100000,33861500000,395230000000000,246407000,48111400000000
0,196538000000,0,0,72341100,57376000000,10387900000,394710000000000,394379000,50600200000000
14870800000,50929600000,0,0,55511600,33911900000,11947200000,394280000000000,124799000,49951700000000
0,834572000000,0,0,113457000,79337300000,12380300000,394230000000000,1304320000,52691500000000
0,85009700000,0,0,52824900,58555900000,1890910000,394110000000000,311556000,49079600000000
0,339894000000,0,0,47562900,37197400000,2232530000,394010000000000,943703000,42458800000000
0,31932800000,0,0,36457900,38794600000,5256480000,393920000000000,79447800,45580100000000
0,326248000000,0,2766200000,69207100,55123500000,9848720000,393690000000000,919841000,50054500000000
0,161725000000,0,0,32723400,53100300000,2503320000,393670000000000,393042000,44052200000000
0,44801300000,0,5579940000,72475300,48290000000,5061680000,393590000000000,218666000,44653800000000
